SHORTCODE, USER_LIKED, AGE, GENDER, PROFILE_PIC_URLBhJRE1PhUdf, elistnc, , ,https://scontent-sjc3-1.cdninstagram.com/vp/260334c8610279ff35ec5333c6a06339/5BABBB53/t51.2885-19/s150x150/26868304_1969820229755879_2599306790130679808_n.jpg
BhJRE1PhUdf, denisa211, 30.0, female, https://scontent-sjc3-1.cdninstagram.com/vp/6c5f700151063b9bc94b73eab30c39e0/5B9FDCDA/t51.2885-19/s150x150/26866083_1936318839962692_3709272939535794176_n.jpg
BhJRE1PhUdf, jayohmusic, 24.0, male, https://scontent-sjc3-1.cdninstagram.com/vp/a36734beca52fc513286513dc44440a9/5BB95413/t51.2885-19/s150x150/14718480_106353679841903_6652142246801965056_a.jpg
BhJRE1PhUdf, tuancan1, , ,https://scontent-sjc3-1.cdninstagram.com/vp/73418ddc397e3cc7a5ed8c7c17841dc5/5BC2B405/t51.2885-19/s150x150/20633346_484674631901255_5878748679812153344_a.jpg
BhJRE1PhUdf, fuhsanic, , ,https://scontent-sjc3-1.cdninstagram.com/vp/c8ee3a7819a94e9c4a4376bc1c3ce550/5BA5B407/t51.2885-19/s150x150/32467353_1822706617791343_5904857687220289536_n.jpg
BhJRE1PhUdf, ninathoe, 32.0, female, https://scontent-sjc3-1.cdninstagram.com/vp/319b285d28b1cb774d013ade40a99a52/5BC42238/t51.2885-19/s150x150/33545845_244715399411361_8897700966199984128_n.jpg
BhJRE1PhUdf, baitoneyqpiz, 22.0, female, https://scontent-sjc3-1.cdninstagram.com/vp/c24bc2fc94c559875d878e29fbb946c6/5BAFF5D1/t51.2885-19/s150x150/33477691_183583655637370_2493376653045006336_n.jpg
BhJRE1PhUdf, roses___blog, 39.0, female, https://scontent-sjc3-1.cdninstagram.com/vp/252ad5d24fbd00628ea23ccb4d402f7f/5BB8CB41/t51.2885-19/s150x150/31729816_177584129610338_2242369272389042176_n.jpg
BhJRE1PhUdf, lets_go_rick, , ,https://scontent-sjc3-1.cdninstagram.com/vp/078490a44a1e02fd4f8d26c488cee52c/5B9E2ED4/t51.2885-19/s150x150/13473130_600537583453968_2099861771_a.jpg
BhJRE1PhUdf, gadget2go.eu, , ,https://scontent-sjc3-1.cdninstagram.com/vp/37ced00ebef3417f9dcee292394bd4c3/5BA74728/t51.2885-19/s150x150/21569121_161391131107784_6896228163106373632_n.jpg
BfnwmP2hY4d, aynur_ay16, , ,https://scontent-sjc3-1.cdninstagram.com/vp/00a38540848993ba125bae43bf90fee0/5BB444F1/t51.2885-19/s150x150/33229000_1444978245607126_7907101097641115648_n.jpg
BfnwmP2hY4d, has_44, , ,https://scontent-sjc3-1.cdninstagram.com/vp/63376e86cfd943cac7f992216d449f2f/5BC315E8/t51.2885-19/s150x150/30087535_1793819357342131_48019546845478912_n.jpg
BfnwmP2hY4d, yu_sea_, , ,https://scontent-sjc3-1.cdninstagram.com/vp/e2fb93c2d54575db75f9863405154249/5BA1C5DE/t51.2885-19/s150x150/31326392_166800540670590_1662210789466963968_n.jpg
BfnwmP2hY4d, crispin96ne, , ,https://scontent-sjc3-1.cdninstagram.com/vp/fb5ff1745f374240c5e91ccaf178e39d/5BA7FE26/t51.2885-19/s150x150/18809711_1782920708685594_2144103049176547328_a.jpg
BfnwmP2hY4d, aylinaylozaza36, 29.0, female, https://scontent-sjc3-1.cdninstagram.com/vp/844d6e19877fde3acda11e5926c11266/5BA72228/t51.2885-19/s150x150/32780090_290132021528154_4161667239302397952_n.jpg
BfnwmP2hY4d, gandy_lc, 25.0, male, https://scontent-sjc3-1.cdninstagram.com/vp/7091c2f19ebc5cd84d68a7ae2a1307cb/5BBFDA87/t51.2885-19/s150x150/25009014_131829297514018_2859576632832688128_n.jpg
BfnwmP2hY4d, leo_borntrager, , ,https://scontent-sjc3-1.cdninstagram.com/vp/ad1f6a4adefc55e30c7cfb774d4bebe3/5BC12535/t51.2885-19/s150x150/16908104_1889497664602770_4974902963039371264_a.jpg
BfnwmP2hY4d, zweimillionen, , ,https://scontent-sjc3-1.cdninstagram.com/vp/429b20759c38d8934a65da60a2c47d58/5BBCE5C6/t51.2885-19/s150x150/32749615_1791862534456876_8461029893163974656_n.jpg
BfnwmP2hY4d, julia_1s, , ,https://scontent-sjc3-1.cdninstagram.com/vp/fd1929483762bbb721b0b33ea94192aa/5BB24542/t51.2885-19/s150x150/33911537_246515722773984_8732334262763651072_n.jpg
BfnwmP2hY4d, jackeline_bedin, , ,https://scontent-sjc3-1.cdninstagram.com/vp/7943ca2202d334f876ed7d77e9158a83/5BAEB343/t51.2885-19/s150x150/29738763_1213632318776524_2987116541385900032_n.jpg
BeD0vn7h-7E, luca.zi, , ,https://scontent-sjc3-1.cdninstagram.com/vp/1bf77dc46f02b717a8873c0a75679fdf/5BBE6290/t51.2885-19/s150x150/25005761_303586583494169_7624960955050360832_n.jpg
BeD0vn7h-7E, jack.jonss, , ,https://scontent-sjc3-1.cdninstagram.com/vp/35c96f4e5a486f543341d0c61e325e87/5BB802F0/t51.2885-19/s150x150/30884606_171608586754193_1329473965034307584_n.jpg
BeD0vn7h-7E, timur_cicek, , ,https://scontent-sjc3-1.cdninstagram.com/vp/0da73660c4ce00d899ab859c0dea36cf/5BBA2795/t51.2885-19/s150x150/34584519_277345162840293_4232188626617761792_n.jpg
BeD0vn7h-7E, nik_schroeder, , ,https://scontent-sjc3-1.cdninstagram.com/vp/418607247f18f07ea8d9b212e0557291/5BC04FBB/t51.2885-19/s150x150/35263184_185146628862996_8824655572633649152_n.jpg
BeD0vn7h-7E, leo_borntrager, , ,https://scontent-sjc3-1.cdninstagram.com/vp/ad1f6a4adefc55e30c7cfb774d4bebe3/5BC12535/t51.2885-19/s150x150/16908104_1889497664602770_4974902963039371264_a.jpg
BeD0vn7h-7E, la_madame_claudine, , ,https://scontent-sjc3-1.cdninstagram.com/vp/e7afe97ffdec28ec3c3b2ae03c9d6597/5BA05ECD/t51.2885-19/s150x150/32256488_247039012540779_2436562494941036544_n.jpg
BeD0vn7h-7E, derderallesbekommt, , ,https://scontent-sjc3-1.cdninstagram.com/vp/13dcb944f26778c88ad201f1749eef28/5BAA3FBF/t51.2885-19/s150x150/31310706_1708828002529029_2414646268966993920_n.jpg
BeD0vn7h-7E, alej.andro1, , ,https://scontent-sjc3-1.cdninstagram.com/vp/c5e868a204d3fb3f77d16158007f72e0/5BA6F8D6/t51.2885-19/s150x150/27579497_1777246642333768_4041236553891053568_n.jpg
BeD0vn7h-7E, moe_aventador, , ,https://scontent-sjc3-1.cdninstagram.com/vp/ce83fc3a73d1ab8bd9bef1f945b8ef84/5BC10ED9/t51.2885-19/s150x150/25005600_152332085401907_2306725448899362816_n.jpg
BeD0vn7h-7E, timm_a._92, , ,https://scontent-sjc3-1.cdninstagram.com/vp/b61774e9dba358f324e3370f4175a6fc/5BB5B684/t51.2885-19/s150x150/21435811_156623191587699_5200588676807000064_a.jpg
Bd-xJ_uhkk8, jkyl3, , ,https://scontent-sjc3-1.cdninstagram.com/vp/097e337f19a9d00ccb9d636fc3a244ee/5BA25BDD/t51.2885-19/s150x150/17077455_768042250036485_3161409651447169024_a.jpg
Bd-xJ_uhkk8, inked_monii25, , ,https://scontent-sjc3-1.cdninstagram.com/vp/d23971beaf74cf2db5c601441b324845/5BB6C5A7/t51.2885-19/s150x150/34441430_222011791925648_8984745934516649984_n.jpg
Bd-xJ_uhkk8, jean_jaques_dus, 32.0, male, https://scontent-sjc3-1.cdninstagram.com/vp/fc044f07b7ef4d9797aa9691c1e12951/5BC4D709/t51.2885-19/s150x150/29418284_160131424813447_8087839330116042752_n.jpg
Bd-xJ_uhkk8, timothyotten, , ,https://scontent-sjc3-1.cdninstagram.com/vp/616fdcb24e69e12eb72cf6f53f8158c3/5BBD57AE/t51.2885-19/s150x150/22860904_182609748955335_2005906854315556864_n.jpg
Bd-xJ_uhkk8, moe_aventador, , ,https://scontent-sjc3-1.cdninstagram.com/vp/ce83fc3a73d1ab8bd9bef1f945b8ef84/5BC10ED9/t51.2885-19/s150x150/25005600_152332085401907_2306725448899362816_n.jpg
Bd-xJ_uhkk8, ferdi__ibra____, , ,https://scontent-sjc3-1.cdninstagram.com/vp/eb01a698bae4b7563987e4797596c2ae/5BB900A1/t51.2885-19/s150x150/21296970_363972130702334_1535383763880509440_a.jpg
Bd-xJ_uhkk8, diger741981, , ,https://scontent-sjc3-1.cdninstagram.com/vp/58cbbb959b5d77a928f55009e1e5c5b0/5BAD0389/t51.2885-19/11202632_503060419860731_1102154483_a.jpg
Bd-xJ_uhkk8, andidie4984, , ,https://scontent-sjc3-1.cdninstagram.com/vp/b08a1b76faeaf57dff597be82da7eaa1/5BA997E5/t51.2885-19/s150x150/28158466_213810339170196_1604002828576096256_n.jpg
Bd-xJ_uhkk8, timur_cicek, , ,https://scontent-sjc3-1.cdninstagram.com/vp/0da73660c4ce00d899ab859c0dea36cf/5BBA2795/t51.2885-19/s150x150/34584519_277345162840293_4232188626617761792_n.jpg
Bd-wzgqhVdS, djhstyle, , ,https://scontent-sjc3-1.cdninstagram.com/vp/fb3e910e2ed0cb94db89c9d1d86c2ccf/5BB10C27/t51.2885-19/s150x150/27578551_1682734278449035_6367265621633138688_n.jpg
Bd-wzgqhVdS, fatonsoulchild, , ,https://scontent-sjc3-1.cdninstagram.com/vp/1b0dc157ca04b5ce350e5997b485b14a/5BBBAA3C/t51.2885-19/s150x150/32712169_174846903212976_7038554158001029120_n.jpg
Bd-wzgqhVdS, valeriyariaa, , ,https://scontent-sjc3-1.cdninstagram.com/vp/0edf21e38f487b318f445e780ba61e34/5BA0D424/t51.2885-19/s150x150/30982407_1156811904457653_4315324148197883904_n.jpg
Bd-wzgqhVdS, _marinskii, , ,https://scontent-sjc3-1.cdninstagram.com/vp/72c81eed4f5d6a61e3e5d6f618b0ad82/5BA4A887/t51.2885-19/s150x150/34173153_181377989189873_8363529814807674880_n.jpg
Bd-wzgqhVdS, ylmz82, , ,https://scontent-sjc3-1.cdninstagram.com/vp/4d240ad1d3410684957b4fbb79943588/5BB62F69/t51.2885-19/s150x150/16229282_752892218196930_3744789243877130240_a.jpg
Bd-wzgqhVdS, s.ca.22, , ,https://scontent-sjc3-1.cdninstagram.com/vp/17eb737a4241a15d896ca86a75f4e1b0/5BA7A1B9/t51.2885-19/s150x150/33203217_363301494074969_7068547804414607360_n.jpg
Bd-wzgqhVdS, serdar_cesur, , ,https://scontent-sjc3-1.cdninstagram.com/vp/e0fbc6558f320e618f079a086bc57f54/5BA55248/t51.2885-19/s150x150/31326568_322292914964101_7366216693321826304_n.jpg
Bd-wzgqhVdS, alej.andro1, , ,https://scontent-sjc3-1.cdninstagram.com/vp/c5e868a204d3fb3f77d16158007f72e0/5BA6F8D6/t51.2885-19/s150x150/27579497_1777246642333768_4041236553891053568_n.jpg
Bd-wzgqhVdS, spanyolkaa, 29.0, female, https://scontent-sjc3-1.cdninstagram.com/vp/8937de8c8300b47285c430228eb21498/5BB24691/t51.2885-19/10693758_1542121459355864_1600468474_a.jpg
Bd-wzgqhVdS, stefi_stefania_s, , ,https://scontent-sjc3-1.cdninstagram.com/vp/6e884081bc74dbb66f6a98f7e58ae6cd/5BA3FCA8/t51.2885-19/s150x150/29093350_1808044589248398_5391774958395326464_n.jpg
Bd7qd1SBqrX, m.betz10, , ,https://scontent-sjc3-1.cdninstagram.com/vp/8d62896496872fad3073333cfd2d7f8c/5BC1C5A7/t51.2885-19/s150x150/31897693_166072494069257_3172260744586592256_n.jpg
Bd7qd1SBqrX, nurcan.62, , ,https://scontent-sjc3-1.cdninstagram.com/vp/5a5965c6845bdf33b1f551cadc0bb698/5BB6E6E4/t51.2885-19/s150x150/29093263_1561820573915446_2574991816331886592_n.jpg
Bd7qd1SBqrX, shadicavalli, , ,https://scontent-sjc3-1.cdninstagram.com/vp/efd3f11ca3d11632c31b2a671833f364/5BEC7F2E/t51.2885-19/s150x150/34536144_388665474976211_9036770495415975936_n.jpg
Bd7qd1SBqrX, anas_lbabidi, , ,https://scontent-sjc3-1.cdninstagram.com/vp/ef38a1f7a3d97b7da0b4125ee7f77884/5BADB507/t51.2885-19/s150x150/12905047_126937941040482_90117546_a.jpg
Bd7qd1SBqrX, _letthelordbewithu_1, , ,https://scontent-sjc3-1.cdninstagram.com/vp/d0a36c6e71ef3d21469b6a60ab8abe47/5BAE10B5/t51.2885-19/s150x150/27879135_150498518973281_3548487918232272896_n.jpg
Bd7qd1SBqrX, caro_schlue, , ,https://scontent-sjc3-1.cdninstagram.com/vp/93f16ecdbd3cc5577b8ec0eeb8c4007b/5BB7474A/t51.2885-19/s150x150/32823186_196115864348948_8685664641319174144_n.jpg
Bd7qd1SBqrX, tommaso_coco_events, , ,https://scontent-sjc3-1.cdninstagram.com/vp/9b7de32dbb219be31623c83de27b8fbd/5BABC3DD/t51.2885-19/s150x150/33465065_209893169800168_4235475101232922624_n.jpg
Bd7qd1SBqrX, nurhan_love, , ,https://scontent-sjc3-1.cdninstagram.com/vp/54372f34a68aff0fd080f91d407e79cd/5BB8609A/t51.2885-19/s150x150/30087798_1945902045449699_8572685432108613632_n.jpg
Bd7qd1SBqrX, vvvacano, , ,https://scontent-sjc3-1.cdninstagram.com/vp/4519233a9a6240e716e8774684e8d1d4/5BA0002F/t51.2885-19/11008189_926419424059068_5294996_a.jpg
Bd7qd1SBqrX, rudasstudios, , ,https://scontent-sjc3-1.cdninstagram.com/vp/e2df3457cc7a1f83976c157c4c8ed49c/5BA8E7C7/t51.2885-19/s150x150/16465515_813203862160667_5427218325602041856_a.jpg
Bds8eh4hitz, thisisilias, , ,https://scontent-sjc3-1.cdninstagram.com/vp/9d517320c405532f28247e5b8eaaa85d/5BBE7387/t51.2885-19/s150x150/21911514_784758011695652_3684992669072752640_n.jpg
Bds8eh4hitz, marcelg1406, , ,https://scontent-sjc3-1.cdninstagram.com/vp/efb38fa21087fe944912f1bbba3e2971/5BC1E2E5/t51.2885-19/s150x150/12783440_241291609538787_1474544200_a.jpg
Bds8eh4hitz, diger741981, , ,https://scontent-sjc3-1.cdninstagram.com/vp/58cbbb959b5d77a928f55009e1e5c5b0/5BAD0389/t51.2885-19/11202632_503060419860731_1102154483_a.jpg
Bds8eh4hitz, itsxxme, , ,https://scontent-sjc3-1.cdninstagram.com/vp/7b1ef3e80bf7fd20abf4d2cbfcf7b4c2/5BBC65F0/t51.2885-19/s150x150/27575395_1184219428379497_8833679904512933888_n.jpg
Bds8eh4hitz, kokusimahausofbags, , ,https://scontent-sjc3-1.cdninstagram.com/vp/0b8910461a3373b40c9b962101b9826e/5BC564CB/t51.2885-19/s150x150/24838947_137826766880440_3069266737338777600_n.jpg
Bds8eh4hitz, aznjojo2810, , ,https://scontent-sjc3-1.cdninstagram.com/vp/dd6e5d8a3ef18ff481526ad0058bb4e7/5BC44CB4/t51.2885-19/s150x150/12816987_247138702288385_898389358_a.jpg
Bds8eh4hitz, michellemariau, , ,https://scontent-sjc3-1.cdninstagram.com/vp/8e8628e79108fb8b4a9804576bbea746/5BBB724F/t51.2885-19/s150x150/16908881_426207831048292_1904046696959049728_a.jpg
Bds8eh4hitz, miss.lipstick_, , ,https://scontent-sjc3-1.cdninstagram.com/vp/93416b20cf30db4ed20ba140fdf309c6/5BA11D2C/t51.2885-19/s150x150/29737321_155219928508123_538499314490540032_n.jpg
Bds8eh4hitz, nazaninrafiy, , ,https://scontent-sjc3-1.cdninstagram.com/vp/e17f5c99c60a9df027708a1c72cc4afa/5BA1452B/t51.2885-19/s150x150/30604744_162669194414652_8564907199090917376_n.jpg
Bds8eh4hitz, jean_jaques_dus, , ,https://scontent-sjc3-1.cdninstagram.com/vp/fc044f07b7ef4d9797aa9691c1e12951/5BC4D709/t51.2885-19/s150x150/29418284_160131424813447_8087839330116042752_n.jpg
BdpumcqBRVa, emiracle_man, , ,https://scontent-sjc3-1.cdninstagram.com/vp/e3e65afc3a776227507214e362972485/5BA71807/t51.2885-19/s150x150/15623814_1232930640160041_7327172292390158336_a.jpg
BdpumcqBRVa, uki.luke, , ,https://scontent-sjc3-1.cdninstagram.com/vp/de772303cdfa34aa0e745fb1286b21c4/5BC1697E/t51.2885-19/s150x150/26186255_326862404477803_7905009878064693248_n.jpg
BdpumcqBRVa, tasso73, , ,https://scontent-sjc3-1.cdninstagram.com/vp/6ca8e156ee8fc2a5b42c48d01d71c81a/5BBE5CD6/t51.2885-19/s150x150/33627108_2083819505275036_3642076578462040064_n.jpg
BdpumcqBRVa, huarache0, , ,https://scontent-lax3-1.cdninstagram.com/vp/6bd6dcedfc8fa9ef41646b53d8811c0e/5BBBE67A/t51.2885-19/11906329_960233084022564_1448528159_a.jpg
BdpumcqBRVa, privatpraxis_duesseldorf, , ,https://scontent-sjc3-1.cdninstagram.com/vp/1f64b0b84ef86503babe05fa37a8ac6c/5BB2262C/t51.2885-19/s150x150/34706120_621369911549462_7199079578596278272_n.jpg
BdpumcqBRVa, bora_xx17, , ,https://scontent-sjc3-1.cdninstagram.com/vp/34136279fd415acd3e817b1b0973bcd6/5BAA8CE1/t51.2885-19/s150x150/33859256_243071749583086_1541493724226256896_n.jpg
BdpumcqBRVa, lisa_kfm, , ,https://scontent-sjc3-1.cdninstagram.com/vp/75ea79a1eaca806e84b3b8532eac22e2/5BB1C9C9/t51.2885-19/s150x150/26872760_2049406041755848_5913726597118033920_n.jpg
BdpumcqBRVa, mrs.liliann, , ,https://scontent-sjc3-1.cdninstagram.com/vp/052366dfd34c0f74ee8ad27d8d7ddb92/5BAA18D6/t51.2885-19/s150x150/34172075_225554231562753_1235682311765229568_n.jpg
BdpumcqBRVa, alej.andro1, , ,https://scontent-sjc3-1.cdninstagram.com/vp/c5e868a204d3fb3f77d16158007f72e0/5BA6F8D6/t51.2885-19/s150x150/27579497_1777246642333768_4041236553891053568_n.jpg
BdpumcqBRVa, momah001, , ,https://scontent-sjc3-1.cdninstagram.com/vp/6d360b7c362a6af465645d91813ef632/5BEC9CF2/t51.2885-19/s150x150/29740127_256018821607797_8309265733406162944_n.jpg
BdnalRXBOc1, abgeputzt, , ,https://scontent-sjc3-1.cdninstagram.com/vp/8a28fa9a98b1b3f15c1799e2df4f7431/5BA45929/t51.2885-19/s150x150/21568596_145489062719330_5699336007388758016_a.jpg
BdnalRXBOc1, ying_bxx, , ,https://scontent-sjc3-1.cdninstagram.com/vp/19a03c027e9c8ca61a442680778adb0f/5BB0C313/t51.2885-19/s150x150/32377751_1016620518485121_4033884360154284032_n.jpg
BdnalRXBOc1, adellaax, , ,https://scontent-sjc3-1.cdninstagram.com/vp/56a320cace46871f4f9a77a0310fa711/5BC259BD/t51.2885-19/s150x150/32233140_617924335222860_3888454083157164032_n.jpg
BdnalRXBOc1, leo_borntrager, , ,https://scontent-sjc3-1.cdninstagram.com/vp/ad1f6a4adefc55e30c7cfb774d4bebe3/5BC12535/t51.2885-19/s150x150/16908104_1889497664602770_4974902963039371264_a.jpg
BdnalRXBOc1, vvvacano, , ,https://scontent-sjc3-1.cdninstagram.com/vp/4519233a9a6240e716e8774684e8d1d4/5BA0002F/t51.2885-19/11008189_926419424059068_5294996_a.jpg
BdnalRXBOc1, has_44, , ,https://scontent-sjc3-1.cdninstagram.com/vp/63376e86cfd943cac7f992216d449f2f/5BC315E8/t51.2885-19/s150x150/30087535_1793819357342131_48019546845478912_n.jpg
BdnalRXBOc1, ferdi__ibra____, , ,https://scontent-sjc3-1.cdninstagram.com/vp/eb01a698bae4b7563987e4797596c2ae/5BB900A1/t51.2885-19/s150x150/21296970_363972130702334_1535383763880509440_a.jpg
BdnalRXBOc1, sven_szw, , ,https://scontent-sjc3-1.cdninstagram.com/vp/79a68fe2b14947dc278cd0cb95e14f07/5BAFE278/t51.2885-19/s150x150/28433167_574239952909659_6325199852942655488_n.jpg
BdnalRXBOc1, derderallesbekommt, , ,https://scontent-sjc3-1.cdninstagram.com/vp/13dcb944f26778c88ad201f1749eef28/5BAA3FBF/t51.2885-19/s150x150/31310706_1708828002529029_2414646268966993920_n.jpg
BdnalRXBOc1, _____life.of.cx, , ,https://scontent-sjc3-1.cdninstagram.com/vp/1f4cac86f201d5dade38fc3680844f6d/5BB510A7/t51.2885-19/s150x150/33983133_251966638881901_4020756955822817280_n.jpg
