,SHORTCODE,COMMENT_ID,COMMENT_USER,COMMENT_TIME,COMMENT_TEXT,COMMENT_TAGS,COMMENT_MENTIONS
0,QQuoVxmbfi,17844949669018645,monaa_k,2012-12-16 00:25:37,We love the robot!,,
1,TRtKYbmbZI,17847796753018645,xo.jlovee,2013-06-21 20:26:15,@meli__flowers,,meli__flowers 
2,U79VUjmbSl,17844967972018645,mama.sami,2013-01-26 06:42:32,ğŸ˜ğŸ˜ğŸ˜ğŸ˜ğŸ˜ğŸ˜ğŸ˜ğŸ˜,,
3,VbE6b4mbVr,17844973534018645,hugissimo,2013-02-07 08:32:35,#djcolleenshannon,djcolleenshannon ,
4,VbE6b4mbVr,17844973549018645,rodneydeth,2013-02-07 10:11:29,@djcolleenshannon,,djcolleenshannon 
5,ZBhPuUmbRB,17847767302018645,mama.sami,2013-05-07 20:32:26,ğŸ˜,,
6,ZBhPuUmbRB,17847767335018645,alma.wallace,2013-05-07 21:35:56,So cute Wendy!,,
7,ZG3qJAmbVV,17847768628018645,katierandick,2013-05-09 22:23:39,Is it we got issues this weekend!?!,,
8,ZKGVbQmbQ0,17847769474018645,anthonypresents,2013-05-11 04:23:02,ğŸ˜®,,
9,ZMsUI-mbZm,17847770311018645,anthonypresents,2013-05-12 04:41:28,Good luck girls. ğŸ‘Š,,
10,ZT2zZPmbcL,17847772177018645,alma.wallace,2013-05-14 23:21:48,ğŸ’— it!,,
11,ZT2zZPmbcL,17847772189018645,thegrandnightclub,2013-05-14 23:55:00,@oksichka,,oksichka 
12,ZZBv-sGbeA,17847773392018645,thegrandnightclub,2013-05-16 23:54:28,@mayser1 @lovemarimba @wendayy_twran ğŸ˜˜,,mayser1 lovemarimba wendayy_twran 
13,cNSI0MGbVD,17847820978018645,miss_smokes_alot,2013-07-26 03:34:51,Eyes on you @almababyyyy,,almababyyyy 
14,dFzSIYmbbK,17847837667018645,hplifestyle,2013-08-16 23:21:55,Thomas ! Lol,,
15,dFzSIYmbbK,17847858181018645,thegrandnightclub,2013-09-13 05:34:18,#grandgirls #grandgirlslive #edm #nightlife #sfnightlife #nightlifesf #bottleservice #bottleservicegirls #botllepopper #popbottles #turnup #turnt #live #danceparty #club #clublife #sf #sanfrancisco #sanfran #music #livemusic #venue #party,grandgirls grandgirlslive edm nightlife sfnightlife nightlifesf bottleservice bottleservicegirls botllepopper popbottles turnup turnt live danceparty club clublife sf sanfrancisco sanfran music livemusic venue party ,
16,dFzSIYmbbK,17867112457018850,harrypotterburlesque,2016-12-03 15:14:12,Aww nice,,
17,ec6iKxGbRy,17847863170018645,hplifestyle,2013-09-19 18:27:18,Work is hard ğŸ˜…,,
18,ec6iKxGbRy,17847878155018645,itsjla,2013-10-10 02:14:11,What would be the requirements to work for you guys because I would love to join the team! ğŸ˜Š@thegrandnightclub_sf,,
19,ec6iKxGbRy,17847879424018645,thegrandnightclub,2013-10-12 01:06:15,@itsjla email me: Jenn@grandnightclub.com send me a resume ğŸ˜Š,,itsjla 
20,gZYCGkmbYC,17847900016018645,harley_quinn_925,2013-11-07 02:30:58,The cat outfit,,
21,gZYCGkmbYC,17847900019018645,thegrandnightclub,2013-11-07 02:31:25,@punkybrusterndoughboy ğŸ‘,,punkybrusterndoughboy 
22,gZYCGkmbYC,17847900028018645,harley_quinn_925,2013-11-07 02:33:01,I also liked the ones that are like a barging suit and has like a paint look or universe look or something,,
23,gZYCGkmbYC,17847900049018645,_m3rd,2013-11-07 03:17:41,@sbigdaddyf let's go!,,sbigdaddyf 
24,gZYCGkmbYC,17848015051018645,kylalaaa,2014-02-17 22:43:43,TOP LEFT!. Please tell me where I can find this! :),,
25,gZYCGkmbYC,17848024144018645,lolomani,2014-03-01 07:31:27,@ojm2,,ojm2 
26,gZYCGkmbYC,17848095661018645,shitbitchontitsbitch,2014-05-20 17:14:29,DEF top right....BunnyBitchğŸ‘,,
27,hCpCzUmbeQ,17847945547018645,thegrandnightclub,2013-11-23 03:01:07,#grandgirlslive,grandgirlslive ,
28,iAoa3hGbRT,17847965809018645,ozzytres,2013-12-17 04:59:54,ğŸ’ª,,
29,jfq6bdmbem,17847994585018645,goldenrayeofsunshine,2014-01-23 03:15:00,My girls are the cutest â¤ï¸,,
30,jfq6bdmbem,17847994594018645,ssjennss,2014-01-23 03:19:00,@goldenrayeofsunshine they sure are!! Thank you for always taking lovely pictures of them ğŸ˜˜,,goldenrayeofsunshine 
31,nBrw6UmbY1,17848084018018645,carloastuti,2014-05-06 02:01:58,@thegrandnightclub we need to have another crazy night again!!,,thegrandnightclub 
32,nBrw6UmbY1,17848084594018645,thegrandnightclub,2014-05-06 18:59:26,@carloastuti we're ready! See you soon,,carloastuti 
33,nBrw6UmbY1,17848084600018645,carloastuti,2014-05-06 19:02:23,@thegrandnightclub check PM,,thegrandnightclub 
34,ttebcnGbSi,17849446543018645,jacksonlipps,2014-10-04 00:33:58,ğŸ‘Œ,,
35,ttebcnGbSi,17849446555018645,hplifestyle,2014-10-04 00:37:19,OMG soooo cute,,
36,ttebcnGbSi,17849446618018645,goldenrayeofsunshine,2014-10-04 01:40:22,Miss you babes ğŸ’‹â¤ï¸,,
37,wryUi7mbW-,17843911294018645,j_chinn,2015-09-24 02:21:17,@voworld well damn lucky you,,voworld 
38,wryUi7mbW-,17843977813018645,_bkitty,2015-09-29 02:18:37,Still looking for girls ?,,
39,7ojuDHGbTC,17843782918018645,leianasantiago,2015-09-15 02:17:00,ğŸ˜ğŸ˜ğŸ˜ğŸ˜ğŸ˜,,
40,7ojuDHGbTC,17843783065018645,niceprez,2015-09-15 02:28:38,I can't wait ğŸ‘ğŸ‘,,
41,7v2Q4xGbZR,17843820820018645,kaiali,2015-09-17 23:47:22,@djjrocksf dude!!!!!!!,,djjrocksf 
42,7v2Q4xGbZR,17843824069018645,andrewdhphotos,2015-09-18 06:02:22,ğŸ™ŒğŸ™ŒğŸ™ŒğŸ™Œ,,
43,7v2Q4xGbZR,17843849752018645,kaiali,2015-09-19 22:03:27,@ff_emt_brian925,,ff_emt_brian925 
44,7v2Q4xGbZR,17853311422018645,jelena_miami,2016-02-04 02:46:57,@ninna_cooper,,ninna_cooper 
45,7v2Q4xGbZR,17855349199018645,muneca408,2016-03-25 23:27:44,@mvl408 call!! Lol,,mvl408 
46,70wVjbmbaa,17856384511018645,psercia,2016-04-28 20:33:11,ğŸ˜ƒ,,
47,7_o6b1Gbfp,17843930293018645,letylyfe,2015-09-25 18:09:54,@lezbian2dafullzt @xoxo_alexa95 @jess90uribe @gaby.92,,lezbian2dafullzt xoxo_alexa95 jess90uribe gaby.92 
48,7_o6b1Gbfp,17843930299018645,gaby.92,2015-09-25 18:10:34,@letylyfe Oooh that's pretty!,,letylyfe 
49,7_o6b1Gbfp,17843931790018645,jess90uribe,2015-09-25 21:02:36,@letylyfe omg I love it yay thanks Prima for all ur helpğŸ˜ğŸ˜ğŸ˜ğŸ˜€,,letylyfe 
50,7_o6b1Gbfp,17843931799018645,jess90uribe,2015-09-25 21:04:13,@letylyfe I definitely want the 3carat one lol,,letylyfe 
51,8LtPU1GbeI,17843971780018645,buhderka,2015-09-28 18:15:58,@legsfordaze,,legsfordaze 
52,8LtPU1GbeI,17843972395018645,legsfordaze,2015-09-28 19:15:42,that's me! ğŸ˜,,
53,8RUy9oGbe5,17844000853018645,djscottyboy,2015-09-30 22:52:08,Send me this so I can post too â€¢ djscottyboy@gmail.com,,
54,8RUy9oGbe5,17844013012018645,lilysirenguyen,2015-10-01 22:34:48,@grandgirlwendy ^,,grandgirlwendy 
55,8RUy9oGbe5,17844013645018645,wheres_wendayy,2015-10-02 00:19:51,ğŸ‘ŒğŸ¼,,
56,8RUy9oGbe5,17844027262018645,dreafauxreal,2015-10-03 01:30:55,@nonyewest @habeshahoney @youngdeeee this looks lit!,,nonyewest habeshahoney youngdeeee 
57,8RUy9oGbe5,17844036862018645,e_keka,2015-10-03 18:04:49,@grissseel,,grissseel 
58,8Rq4nCmbS9,17844003688018645,champagnedrockofficial,2015-10-01 03:13:14,Nice picture!,,
59,8eqfAUmbZu,17844077569018645,tableconnection,2015-10-06 02:43:50,Spectacular one,,
60,8jqJiPGbdU,17844111757018645,djsolarsf,2015-10-08 01:34:06,@djronnyromero,,djronnyromero 
61,8jqJiPGbdU,17844111769018645,djsolarsf,2015-10-08 01:34:38,@djicuesf ğŸ’ª,,djicuesf 
62,8jqJiPGbdU,17844111853018645,djsolarsf,2015-10-08 01:40:18,@eloriginalrichierich ready,,eloriginalrichierich 
63,8oSkO4mbWW,17844142672018645,leianasantiago,2015-10-09 20:12:09,@grandgirlfrancesca ğŸ˜ my mom is hot,,grandgirlfrancesca 
64,8oSkO4mbWW,17844148435018645,franextraaa,2015-10-10 01:33:21,I love you lillll baby!!!! Come home my loveeeeeâ¤ï¸ğŸ˜˜,,
65,8rev76Gbec,17844174766018645,marshmellomusic,2015-10-11 01:59:58,ğŸ˜„ ğŸ˜„ ğŸ˜„ &lt;3,,
66,8rev76Gbec,17844175012018645,elkanbrawn,2015-10-11 02:12:17,Looks cool! I love this foto :),,
67,8rev76Gbec,17844228361018645,djchupy,2015-10-13 05:11:36,ğŸ‘ğŸ‘ğŸ‘ğŸ‘,,
68,8wgwoTGbXM,17844224341018645,djadamcova,2015-10-13 00:42:05,It was my pleasure! Place looks amazing! Everything you need in a nightclub!,,
69,8wgwoTGbXM,17845109383018645,fundraver,2015-10-28 11:02:19,Love! ğŸ’—,,
70,8wgwoTGbXM,17854913122018645,molotov011,2016-03-17 01:10:25,ğŸ”¨ğŸ”¨ğŸ”¨,,
71,87DwyEmbc5,17844316624018645,teepdasneak,2015-10-17 02:59:17,@andeeeex0,,andeeeex0 
72,87DwyEmbc5,17844316669018645,andeeeex0,2015-10-17 03:01:56,OMG!! That's us @dsolarski @shayleeseaton @paigeosborn.hair  @sarawwww @kaytrachelle @hayleyobryan @allyjenkins_xo ğŸ˜ğŸ˜ğŸ˜,,dsolarski shayleeseaton paigeosborn.hair @sarawwww kaytrachelle hayleyobryan allyjenkins_xo 
73,89CMqcGbfj,17845056544018645,__vmchelle,2015-10-24 19:42:05,@ayomattdo @mnsang  @emilychengg,,ayomattdo mnsang @emilychengg 
74,89CMqcGbfj,17845056547018645,__vmchelle,2015-10-24 19:42:17,Is it convincing yet ?!,,
75,89CMqcGbfj,17845062673018645,nee.ill,2015-10-25 04:39:28,@tonychiban,,tonychiban 
76,9H-0NjmbVL,17845042564018645,andrewstewart318,2015-10-23 20:42:28,Hollo  Beautiful labies,,Beautiful 
77,9UqEY-GbVr,17845097251018645,muffinseir,2015-10-27 12:22:09,ğŸ˜„,,
78,9hNdS5mbQ0,17845162711018645,leianasantiago,2015-10-31 22:46:31,ğŸ˜ğŸ˜ğŸ˜ğŸ˜ğŸ˜,,
79,9hNdS5mbQ0,17845185826018645,eestateofmind,2015-11-02 05:45:06,you have a dope ig!,,
80,9hNdS5mbQ0,17845207414018645,thegrandnightclub,2015-11-03 20:35:00,@ririshiova call or text us at 415-636-0029 for bottle service inquiries. Looking forward to hearing from you. Thanks,,ririshiova 
81,9mwoDTmbVe,17845197718018645,shamastyles,2015-11-03 02:18:50,Aww â˜ºï¸â˜ºï¸â˜ºï¸ #ğŸ‚,,
82,9mwoDTmbVe,17845197799018645,sierraaaeva,2015-11-03 02:23:33,ğŸ˜â¤â¤â¤â¤ğŸ’‹,,
83,9pTETKmbTO,17844992638055901,cottoncandycoral,2015-11-04 03:31:19,@sfgdynasty101214,,sfgdynasty101214 
84,9pTETKmbTO,17844999076055901,kkkkammmy,2015-11-04 18:19:25,@kahtiii Lookin tan... Missing the LOK though @justinh_gibbs @23aj23 @kiafariba @tcrivell,,kahtiii justinh_gibbs 23aj23 kiafariba tcrivell 
85,9pTETKmbTO,17844999166055901,justinh_gibbs,2015-11-04 18:28:09,Yee @kkkkammmy,,kkkkammmy 
86,99TEKjmbTf,17846511547055036,marcusschossowofficial,2015-11-11 21:26:12,ğŸ™ŒğŸ™ŒğŸ™ŒğŸ’ƒğŸ’ƒğŸ’ƒ,,
87,-FkwbxmbZA,17846028499010908,shamastyles,2015-11-15 01:35:25,party with us ğŸ˜,,
88,-KmJ4GmbSX,17842541269121802,monaa_k,2015-11-17 00:22:00,@izzy4hair,,izzy4hair 
89,-cYrPNmbSA,17842950007085385,gggina_marieee,2015-11-23 22:09:51,Damn going way back to the old grand days for these photos ğŸ˜‰ Thanks for the bday wishes #fambam ğŸ˜˜,fambam ,
90,-cYrPNmbSA,17842950028085385,ssjennss,2015-11-23 22:12:14,Required some digging :) OG grand fam @grandgirlgina,,grandgirlgina 
91,-cYrPNmbSA,17842950484085385,leianasantiago,2015-11-23 22:46:52,Happy birthday @grandgirlgina !!!!,,grandgirlgina 
92,-cYrPNmbSA,17842951702085385,kortilla1,2015-11-24 01:05:30,Happy Birthday @grandgirlgina ğŸ’•ğŸ˜,,grandgirlgina 
93,-cYrPNmbSA,17842951747085385,sierraaaeva,2015-11-24 01:15:03,ğŸ˜ğŸ˜ğŸ˜ğŸ˜ğŸ˜ğŸ˜ğŸ˜ğŸ˜,,
94,-7ICPEmbfl,17848914745029307,janetvere_,2015-12-05 20:43:12,@sheyayawolf_9  CANT WAIT ğŸ˜â¤ï¸!,,sheyayawolf_9 CANT 
95,-7ICPEmbfl,17848914751029307,thegrandnightclub,2015-12-05 20:44:37,@janetvere_ @sheyayawolf_9 see you soon!,,janetvere_ sheyayawolf_9 
96,-7ICPEmbfl,17848914868029307,leianasantiago,2015-12-05 20:50:48,OMG that is SOOOOOO cute!!!,,
97,-7ICPEmbfl,17848914937029307,thegrandnightclub,2015-12-05 20:55:03,@leianasantiago ğŸ˜ğŸ˜˜,,leianasantiago 
98,_A2kAzmbVS,17851042372018117,patriciaisalatenightmermaid889,2015-12-08 23:32:58,@ruth_azel,,ruth_azel 
99,_A2kAzmbVS,17851059742018117,r_uthkjv,2015-12-09 02:17:43,@carbon0828 looks coo ğŸ˜,,carbon0828 
100,_A2kAzmbVS,17852872624018117,kemiwells,2016-01-03 09:17:05,@stephyj123 this place looks pretty good!,,stephyj123 
101,_A2kAzmbVS,17853291994018117,ninna_cooper,2016-02-04 02:52:17,Fino je @jelena_miami,,jelena_miami 
102,_KtXfFGbZv,17843604493095362,312mademe,2015-12-11 21:54:06,@gameovertripleh,,gameovertripleh 
103,_KtXfFGbZv,17843604676095362,katierandick,2015-12-11 22:06:00,@madeleinebyrnee how bout no Scott .. Scotty don't .,,madeleinebyrnee 
104,_KtXfFGbZv,17843604718095362,thegrandnightclub,2015-12-11 22:07:25,Hi @kittykatxoxo ğŸ˜˜ we miss you!,,kittykatxoxo 
105,_KtXfFGbZv,17843604721095362,frankation_,2015-12-11 22:07:54,@thegrandnightclub I need to borrow this...ğŸ˜‚ğŸ˜‚ğŸ˜‚,,thegrandnightclub 
106,_KtXfFGbZv,17843604730095362,thegrandnightclub,2015-12-11 22:08:56,@frankation_ ğŸ˜‚ğŸ˜‚ğŸ˜‚ I had to steal it myself too. Made my morning,,frankation_ 
107,_KtXfFGbZv,17843604958095362,lilysirenguyen,2015-12-11 22:21:35,Hahahaha,,
108,_KtXfFGbZv,17843604961095362,lilysirenguyen,2015-12-11 22:21:42,ğŸ‘,,
109,_KtXfFGbZv,17843605993095362,kntran16,2015-12-12 00:24:18,@therealgenevan @stinkysteveo @realdanle @katiel228 @jimdnguyen,,therealgenevan stinkysteveo realdanle katiel228 jimdnguyen 
110,_KtXfFGbZv,17843606188095362,katierandick,2015-12-12 00:45:58,Miss you guys more !! Coming to say hi soon ğŸ˜˜ğŸ˜˜,,
111,_p91-0GbV7,17844471331074516,sierraaaeva,2015-12-24 02:26:06,ğŸ˜ğŸ˜ğŸ˜,,
112,_p91-0GbV7,17844913762074516,mermaidcorall,2016-01-30 10:41:48,@tomjdeters,,tomjdeters 
113,BAK3a04mbfO,17844064300100836,kaycee.lou,2016-01-21 15:11:13,You post so much awesome stuff!! Love it!,,
114,BALhgIbGbdR,17844679624072501,ximelove5,2016-01-06 02:03:11,@_susie_b_,,_susie_b_ 
115,BAV7qH_GbUp,17852375245016888,stevesmooth,2016-01-10 03:06:05,ğŸ™ŒğŸ¼ğŸ™ŒğŸ¼ğŸ™ŒğŸ¼ğŸ™ŒğŸ¼,,
116,BAV7qH_GbUp,17852375488016888,katierandick,2016-01-10 03:45:03,ğŸ˜,,
117,BAdD8LymbT8,17854610446033299,vchiou,2016-01-17 19:25:42,@_vernali @flickofdarish lmao!!!,,_vernali flickofdarish 
118,BAk6AEkGbQj,17853102130005042,subiesteve_,2016-01-20 07:59:09,@nicole_hk89 ğŸ¤”,,nicole_hk89 
119,BAk6AEkGbQj,17853102166005042,nicole_hk89,2016-01-20 08:05:01,ğŸ¤” @subiesteve_  we'll see,,subiesteve_ we'll 
120,BAk6AEkGbQj,17853398857005042,_gellsss,2016-02-08 02:49:46,@briiixb,,briiixb 
121,BBQ_OZCGbUX,17853254659053969,miss_dee_42,2016-02-02 01:29:12,@iitsnikkii,,iitsnikkii 
122,BBQ_OZCGbUX,17853261820053969,_lysamarie_,2016-02-02 16:31:28,@ladyyyluck @allysa_aquino,,ladyyyluck allysa_aquino 
123,BBQ_OZCGbUX,17853268354053969,slvsprz,2016-02-03 00:12:51,Diddy took Cole's place @pearl_a13,,pearl_a13 
124,BBQ_OZCGbUX,17853296692053969,biggjigg_81,2016-02-04 20:37:27,@radrnatn @verojohn02 #weezy,weezy ,radrnatn verojohn02 
125,BBQ_OZCGbUX,17853302644053969,xtinachong,2016-02-05 05:02:22,@liljennlee,,liljennlee 
126,BBQ_OZCGbUX,17853302647053969,xtinachong,2016-02-05 05:02:43,@krisjeanlee @roxroxx,,krisjeanlee roxroxx 
127,BBQ_OZCGbUX,17853302758053969,nuddynoodle,2016-02-05 05:14:14,@roxroxx you ready for dissss????,,roxroxx 
128,BBQ_OZCGbUX,17853302791053969,roxroxx,2016-02-05 05:18:08,@xtinachong @krisjeanlee FUUUUUUUUY,,xtinachong krisjeanlee 
129,BBQ_OZCGbUX,17853323383053969,mybetterbasics,2016-02-06 12:48:34,Fascinating one,,
130,BBTfzydGbZY,17844191194108810,jaygee.mayhem,2016-02-03 01:04:42,Cool,,
131,BBTfzydGbZY,17844210511108810,thechainsmokers,2016-02-04 15:44:59,Nice one!,,
132,BBTfzydGbZY,17844216238108810,thatsjeremy,2016-02-05 01:11:30,You already know I'm on. Put me on @thegrandnightclub,,thegrandnightclub 
133,BBTfzydGbZY,17844551491108810,thepubliczoo,2016-02-22 11:11:00,:),,
134,BBWOQoFGbcw,17844204679124455,msdestinee_,2016-02-04 05:33:32,Lol yaaasss,,
135,BBWOQoFGbcw,17844214858124455,noellechristinefit,2016-02-05 00:01:52,@car__lopez @anitaprum ğŸ˜‚ #WeTheBest,WeTheBest ,car__lopez anitaprum 
136,BBWOQoFGbcw,17844773608124455,untzsf,2016-02-29 05:18:59,ğŸ¶ğŸ’•ğŸµğŸ‘¯,,
137,BBdl4pCGbev,17844253159116542,_tinamarie_,2016-02-07 02:08:45,Aww I love them!,,
138,BBwFHSfmbVe,17844432727108974,sierraaaeva,2016-02-14 03:56:20,â¤,,
139,BBwFHSfmbVe,17844446308108974,tomjdeters,2016-02-14 19:27:26,ğŸ‘ŠğŸ¼,,
140,BBwFHSfmbVe,17844643114108974,stormdating,2016-02-23 07:13:07,ğŸ˜,,
141,BCmgffxmbfZ,17844963397086534,mattsamoto,2016-03-06 07:10:39,Yes please....,,
142,BCmgffxmbfZ,17844964363086534,dulong82,2016-03-06 07:47:44,I love this video from the depths of my soulğŸ™ŒğŸ½ğŸ™ŒğŸ½ğŸ™ŒğŸ½,,
143,BCmgffxmbfZ,17844964372086534,thegrandnightclub,2016-03-06 07:48:04,@dulong82 so do I lol,,dulong82 
144,BCmgffxmbfZ,17844996805086534,champagne_gun,2016-03-07 01:09:09,You should check out our exclusive champagne weapon for the champagne showers !! The one and only champagne gun !!! ğŸ¾ğŸ¾,,
145,BCmgffxmbfZ,17845386601086534,untzsf,2016-03-12 23:30:23,ğŸ˜,,
146,BC1fWp3GbcZ,17845334557096691,yokoteese,2016-03-12 04:55:01,Thank you @thegrandnightclub ğŸ™ğŸ»,,thegrandnightclub 
147,BC1fWp3GbcZ,17845604530096691,roseeraniaa,2016-03-15 08:49:25,OMG @_stevvvo_ this. This place. YES.,,_stevvvo_ 
148,BC1fWp3GbcZ,17845604815096691,_stevvvo_,2016-03-15 08:55:18,@r__rosee agreed!!,,r__rosee 
149,BC81OT8mbWl,17845596433089768,sandhyatolani,2016-03-15 20:37:43,@bhaveshdtolani you should go!!,,bhaveshdtolani 
150,BC81OT8mbWl,17846263321089768,inov8ent,2016-03-30 16:46:29,ğŸ‘,,
151,BDIEIzUGbat,17855576962047752,saavvyyb,2016-03-19 07:49:06,@meganrachel lets go here in SF!,,meganrachel 
152,BDIEIzUGbat,17855599168047752,kazeffect,2016-03-20 07:00:23,Thanks for liking my pic! The Grand was an awesome venue for the Pocket Gamer party at GDC this year!,,
153,BDIEIzUGbat,17855599219047752,thegrandnightclub,2016-03-20 07:02:35,@kazeffect it was our pleasure having you guys here. Great crowd!,,kazeffect 
154,BDIEIzUGbat,17855928295047752,muneca408,2016-03-25 23:26:31,@mvl408 this is it,,mvl408 
155,BD4F7ZOGbTX,17847251506076708,wheresreill,2016-04-06 23:53:15,Lend me your ear for a few Mins and check out the link in my bio #Letsnetwork,Letsnetwork ,
156,BD4GYoWGbUG,17858760097046434,katierandick,2016-04-06 23:09:51,Whiskey all day,,
157,BD4GYoWGbUG,17858761087046434,thegrandnightclub,2016-04-06 23:58:23,@kittykatxoxo  shooting whiskey like a champ ğŸ˜,,kittykatxoxo shooting 
158,BD4GYoWGbUG,17858812294046434,bangvip_com,2016-04-09 03:00:21,Pretty sweet!,,
159,BD4GYoWGbUG,17858878123046434,untzsf,2016-04-11 12:47:40,ğŸ’›ğŸ’—ğŸ’š,,
160,BD6qrF-mba-,17846462602128719,akela.sound,2016-04-09 11:43:20,Thats whats up,,
161,BD6qrF-mba-,17846468713128719,apekofficial,2016-04-09 16:30:13,ğŸ‘ ğŸ‘ ğŸ‘,,
162,BD6qrF-mba-,17846479111128719,maralynns,2016-04-10 00:53:54,@vickikaradjova hey beautiful !!,,vickikaradjova 
163,BD6qrF-mba-,17846479528128719,vickikaradjova,2016-04-10 01:10:32,@maralynns OMG hahahaha! I look so weird,,maralynns 
164,BD6qrF-mba-,17846479675128719,vickikaradjova,2016-04-10 01:20:55,@jenhburton @vas_niko @antongroup lol my face!!!! Wtf,,jenhburton vas_niko antongroup 
165,BD6qrF-mba-,17846479846128719,anton.premiergroup,2016-04-10 01:30:16,@dang how did we get stuck with such hotties?!?!? ğŸ˜ğŸ˜œğŸ˜ğŸ˜ @erikanyc_ @vickikaradjova @jenhburton @regina_missukraine @nazinyaarea,,dang erikanyc_ vickikaradjova jenhburton regina_missukraine nazinyaarea 
166,BEJ2_XJmbU0,17856662533041985,purps.upolis,2016-04-15 22:43:35,@ghostof007 hasti?,,ghostof007 
167,BEMro9fGbdn,17855272297043412,hellodivide,2016-04-14 23:03:09,ğŸ”¥,,
168,BEMro9fGbdn,17855272924043412,sally_kl,2016-04-14 23:52:23,awesome page! ğŸ˜ŠğŸ‘,,
169,BEMro9fGbdn,17855281249043412,unnito_,2016-04-15 10:10:25,really like this!,,
170,BESDd5MGbfQ,17855613166023632,thebiggdm,2016-04-17 01:45:47,ğŸ’¯xğŸ’¯,,
171,BESDd5MGbfQ,17855734270023632,roodyxorock,2016-04-20 15:48:36,Very cool!,,
172,BESDd5MGbfQ,17855978521023632,andreakathleeen,2016-04-29 07:32:30,@stud_muffin91,,stud_muffin91 
173,BEbxJV-Gbdi,17847616579076978,kyleundaunted,2016-04-20 20:01:16,Great!,,
174,BEbxJV-Gbdi,17847710464076978,muneca408,2016-04-23 21:05:28,@mvl408,,mvl408 
175,BEbxJV-Gbdi,17847786502076978,margaretaetel,2016-04-26 21:14:21,Super cool,,
176,BEeg15XGbTm,17856548464053156,danikingmusic,2016-05-09 05:40:40,Very cool!,,
177,BEhO32tGbTf,17846883310126666,_beforethewin,2016-04-22 23:07:50,ğŸ™ğŸ¾ğŸ™ğŸ¾ğŸ™ğŸ¾ğŸ™ğŸ¾,,
178,BEjd5wVGbXO,17855964466007934,xojamielynne,2016-04-23 19:22:53,Come see me ğŸ™‹ğŸ¼ğŸ‰ğŸ¾,,
179,BEkFzIFmbTz,17847866128091361,showerbeerskoozie,2016-05-30 02:15:50,Cool!,,
180,BErTC4xGbWm,17847701164097221,torikaybender,2016-05-20 11:29:07,ğŸ‘,,
181,BErTC4xGbWm,17847856924097221,wearecoterie,2016-05-26 03:40:27,ğŸ‘Œ,,
182,BErTC4xGbWm,17847903943097221,conorcutz,2016-05-27 21:38:03,ğŸ‘Œ,,
183,BEt9F0ymbe7,17847014233120756,meganlynettte,2016-04-27 21:16:01,@nurse_vice I thought that was you!,,nurse_vice 
184,BEt9F0ymbe7,17847014257120756,nurse_vice,2016-04-27 21:16:38,@meganlynettte I wish I was that skinny ğŸ˜©,,meganlynettte 
185,BE1mgdgGbe1,17847363664100187,uproarapp,2016-05-01 01:59:14,My Goodness!,,
186,BFCVDLBGbQf,17847208864120751,mjstudios,2016-05-07 01:57:35,Like! ğŸ‘ğŸ»,,
187,BFGVDYKGbdB,17856494302052817,christinekernmusic,2016-05-07 08:50:51,Very Cool! ğŸ˜ğŸ˜ @christinekernmusic,,christinekernmusic 
188,BFGVDYKGbdB,17856839740052817,adrift.i,2016-05-18 08:39:44,Like it!,,
189,BFHyPg0GbZz,17847289699100125,djpaulyd,2016-05-07 21:50:18,ğŸ™ŒğŸ½ğŸ™ŒğŸ½ğŸ™ŒğŸ½,,
190,BFHyPg0GbZz,17847289861100125,xo.xosabrina,2016-05-07 22:01:34,@alotmocurls,,alotmocurls 
191,BFHyPg0GbZz,17847290887100125,hellasfchris,2016-05-07 22:59:29,@vidaesbella,,vidaesbella 
192,BFHyPg0GbZz,17847291466100125,champayne_ma,2016-05-07 23:33:00,@dio_morales,,dio_morales 
193,BFHyPg0GbZz,17847293998100125,champayne_ma,2016-05-08 02:09:14,@claudia____c,,claudia____c 
194,BFHyPg0GbZz,17847303700100125,jessy.marieee,2016-05-08 12:22:37,This makes me happy for some reason @_zoesarah_,,_zoesarah_ 
195,BFHyPg0GbZz,17847304060100125,zoe___brooks,2016-05-08 12:43:01,He made it @jessy.mariee,,jessy.mariee 
196,BFIm-V3GbeM,17847304930114856,colemanyee,2016-05-08 05:31:11,ace ace Dom Domâ€¼ï¸,,
197,BFIx4s7GbSP,17856382120021711,jessy.marieee,2016-05-08 12:23:07,It paulyyyyyy @djpaulyd @_zoesarah_  @zakariah_johnson,,djpaulyd _zoesarah_ @zakariah_johnson 
198,BFIx4s7GbSP,17856387490021711,owenjnitka,2016-05-08 15:51:13,@kusk0007 @laurenmfhartung @jeffrey.hartung7,,kusk0007 laurenmfhartung jeffrey.hartung7 
199,BFMm26KGbbS,17856712249035831,xo.xosabrina,2016-05-09 19:02:35,@alotmocurls,,alotmocurls 
200,BFMm26KGbbS,17856784333035831,heyitzgrillz,2016-05-10 23:01:16,@ayelukeee,,ayelukeee 
201,BFMm26KGbbS,17857122193035831,thegrandgirls,2016-05-22 21:16:39,ğŸ˜»,,
202,BFW89pLGbcq,17847478531100405,linkaandmondello,2016-05-13 19:44:11,Aww nice,,
203,BFW89pLGbcq,17847491305100405,solano74,2016-05-14 07:18:48,@as2684 cool!,,as2684 
204,BFW89pLGbcq,17847499507100405,aurelia007_,2016-05-14 14:51:29,@solano74 Yasssss!,,solano74 
205,BFW89pLGbcq,17847527323100405,kchozenmusic,2016-05-15 14:46:31,awesome!,,
206,BFW89pLGbcq,17847624073100405,ianholbert,2016-05-19 07:28:19,nice,,
207,BFW89pLGbcq,17847639928100405,erikakmusic,2016-05-19 21:03:55,ğŸ’œâ¤ğŸ’™,,
208,BFW89pLGbcq,17848023520100405,official_djlo,2016-06-02 13:29:16,ğŸ”¥ğŸ’¯,,
209,BFXchdymbUV,17857291873044051,boyettebeatz,2016-05-14 00:43:56,Very nice! ğŸ˜ƒ,,
210,BFXchdymbUV,17857298623044051,erikathebosslady5,2016-05-14 07:21:13,@aguedaelena,,aguedaelena 
211,BFXchdymbUV,17857328674044051,_castilloortiz,2016-05-15 05:33:13,@__cassc lets go one time?!?,,__cassc 
212,BFXchdymbUV,17857443973044051,partylikenorms,2016-05-18 21:00:56,This is awesome :),,
213,BFXchdymbUV,17859530035044051,phillyflyboy,2016-07-19 15:11:01,â˜,,
214,BFXchdymbUV,17859778897044051,dominickibarr,2016-07-25 19:36:21,@tweak_tripper  AMFs All night bro on me. Let's celebrate my 21st in the most epic way.,,tweak_tripper AMFs 
215,BFZ3vCkGbaA,17847608485115088,djaekaye,2016-05-14 22:53:03,ğŸ‘Œ,,
216,BFsQ7OqmbRV,17858020018009524,nick.t.bolen,2016-05-22 02:00:19,Is that #indianajones ğŸ˜‚ğŸ˜‚ğŸ˜‚,indianajones ,
217,BFsQ7OqmbRV,17858020336009524,lilysirenguyen,2016-05-22 02:18:21,ğŸ˜‚,,
218,BFsQ7OqmbRV,17858020348009524,lilysirenguyen,2016-05-22 02:18:47,These are getting good lol,,
219,BFsQ7OqmbRV,17858020372009524,mister_sheen,2016-05-22 02:20:21,@meatboyyy,,meatboyyy 
220,BFsQ7OqmbRV,17858020927009524,_jenny._k,2016-05-22 02:44:50,Me @kingbunny43 @roxannemoua @christy_romero,,kingbunny43 roxannemoua christy_romero 
221,BFsQ7OqmbRV,17858039614009524,yy_dido,2016-05-22 17:54:18,ğŸ˜„ğŸ˜º,,
222,BFsQ7OqmbRV,17871264295034771,izzyd2b,2017-02-09 23:13:20,@jpulido89p @thatratchet_zamora @arellanoyael,,jpulido89p thatratchet_zamora arellanoyael 
223,BFs8p3MGbXO,17847805570123221,deejayflo_b,2016-05-23 06:30:41,ğŸ‘Œ ğŸ‘Œ ğŸ‘Œ ğŸ”¥,,
224,BFzcfGsmbXR,17847774964108864,deziah21,2016-05-24 20:44:08,Awesome,,
225,BFzcfGsmbXR,17847882676108864,claria.___,2016-05-28 13:26:40,@mimi.__,,mimi.__ 
226,BFzcfGsmbXR,17847889063108864,mimi.__,2016-05-28 17:27:51,Such a great night!!! Thank for the tag @claria__1 ğŸ˜˜ğŸ˜˜,,claria__1 
227,BFzcfGsmbXR,17847889606108864,thegrandnightclub,2016-05-28 17:46:41,@mimi.__ come back and visit us soon ğŸ˜˜,,mimi.__ 
228,BF48mzjmbaR,17857508047040031,thegrandnightclub,2016-05-27 02:01:10,@mariaj120 I ğŸ‘€ you ğŸ˜‰ğŸ’ƒğŸ½,,mariaj120 
229,BF48mzjmbaR,17857512268040031,muneca408,2016-05-27 05:48:20,@mvl408,,mvl408 
230,BF48mzjmbaR,17857545043040031,m_ria120,2016-05-28 08:37:42,@thegrandnightclub whoooo? Meeee?? ğŸ’ƒğŸ’ƒğŸ’ƒâ™¥ï¸ğŸ‘¯ğŸ™ˆ haha,,thegrandnightclub 
231,BF7uvV9mbW8,17859106957052618,mr_mda_,2016-05-28 02:15:01,@futureadult,,futureadult 
232,BF7uvV9mbW8,17859107449052618,futureadult,2016-05-28 02:35:33,ITS ME!!!!!!! @killacush @mr_mda_,,killacush mr_mda_ 
233,BF-WAEWmbVf,17847984055106856,uproarapp,2016-05-30 02:01:26,ğŸ‘,,
234,BF-WAEWmbVf,17848274554106856,untzsf,2016-06-08 10:37:41,â­ğŸ’–âœ¨,,
235,BF-WAEWmbVf,17848303900106856,djr_wan,2016-06-09 05:03:46,Nice!,,
236,BF-snrZmbRh,17847979198097253,torininetails,2016-05-29 05:39:58,@cottoncandycoral  you sho kyoote!,,cottoncandycoral you 
237,BF-snrZmbRh,17848006819097253,uproarapp,2016-05-30 01:51:40,It is just about right!,,
238,BGIhXJLmbbQ,17858669176048652,erickmarano,2016-06-02 01:52:35,ğŸ˜„,,
239,BGIhXJLmbbQ,17858669242048652,nikomaple,2016-06-02 01:55:28,Nice!,,
240,BGIhXJLmbbQ,17858671615048652,leianasantiago,2016-06-02 03:23:10,WHAT!!!!,,
241,BGKwAcTGbTN,17857624471055367,myvanslooklikevans,2016-06-02 22:07:36,Whats the secret to your awesome posts @mfthemadvillain would like to know,,mfthemadvillain 
242,BGKwAcTGbTN,17857652986055367,djr_wan,2016-06-03 20:08:43,Brilliant,,
243,BGKwAcTGbTN,17857697905055367,untzsf,2016-06-05 07:30:55,ğŸ’›ğŸ’—ğŸ’š,,
244,BGODL4bGbcQ,17857986697005066,grubstakesf,2016-06-04 04:50:52,Looks good!!,,
245,BGODL4bGbcQ,17858133517005066,hsrecruitingplug,2016-06-08 21:16:46,awesome!,,
246,BGODL4bGbcQ,17864290909005066,mylonandez,2016-10-09 02:31:12,ğŸ™Œ,,
247,BGPpjo0mbSi,17852452648066560,movitchell,2016-06-04 20:02:04,ğŸ‘,,
248,BGPpjo0mbSi,17852452849066560,therealfrostie,2016-06-04 20:06:58,That's whats up! ğŸ’¯,,
249,BGPpjo0mbSi,17852452900066560,thefuriesmaycome,2016-06-04 20:09:08,ğŸ˜,,
250,BGPpjo0mbSi,17852454523066560,thatsjeremy,2016-06-04 21:11:27,It's going up  all the way up @thegrandnightclub,,all thegrandnightclub 
251,BGPpjo0mbSi,17852454793066560,p_gibs,2016-06-04 21:19:10,@pierrearmani,,pierrearmani 
252,BGPpjo0mbSi,17852465497066560,mightymulder,2016-06-05 04:10:47,Btw @machinegunkelly has fallen the fuck off thanks to the rap god @Eminem,,machinegunkelly Eminem 
253,BGPpjo0mbSi,17852474692066560,kirstenraee,2016-06-05 12:38:49,@yvettenakamotodesigns I want go,,yvettenakamotodesigns 
254,BGPpjo0mbSi,17852481214066560,dillonvapes,2016-06-05 16:42:02,@mightymulder they are completely different rappers with different styles,,mightymulder 
255,BGPpjo0mbSi,17852491036066560,mightymulder,2016-06-05 22:22:50,@dillonsmoke of course they are  I just hate how he did that to a 16 year old is all. I loved the fuck out of his music until that. How disgusting can you get.,,dillonsmoke I 
256,BGPpjo0mbSi,17853378238066560,bubblesnblast,2016-07-02 05:46:48,Very nice :),,
257,BGRA2dyGbe5,17856315652032521,cottoncandycoral,2016-06-05 10:52:51,#spidermonkey,spidermonkey ,
258,BGRBDH6GbfU,17848059313126041,cottoncandycoral,2016-06-05 10:53:36,@kayleahstar,,kayleahstar 
259,BGRBDH6GbfU,17848059328126041,kayleahstar,2016-06-05 10:54:26,Wow I wanna go wit u next time,,
260,BGRBDH6GbfU,17848097380126041,djmomix,2016-06-06 17:01:26,@thegrandnightclub where can we see the pics from that night?,,thegrandnightclub 
261,BGU9qm-mbTL,17848281571121110,itskashjordan,2016-06-07 19:19:48,I like what I see ğŸ”¥,,
262,BGVHzDGGbcR,17848252972111904,aleamazas,2016-06-07 02:34:59,Oy friend! Do you wanna increase your profile? Then you should go to this website â¡ï¸ Gá´‡á´›ÉªÉ´sá´›á´€Ò“á´ÊŸÊŸá´á´¡á´‡Ê€sâ€¢á´Ê€É¢ to obtain 1000 friends daily! ğŸ˜™,,
263,BGVHzDGGbcR,17848267972111904,sofia.zhuk,2016-06-07 15:43:35,Nice shot! Your page is pretty cool. You should peep this site â¡ï¸ Getlnstafollowersâ€¢org to gain 10K+ likes on your IG everyday! ğŸ˜‡,,
264,BGVHzDGGbcR,17848294177111904,tika_leko,2016-06-08 12:04:43,Awesome pic! Your IG is pretty dope. You should look at this website â¡ï¸â¡ï¸ lgramslike.com to recieve hundreds follows on your page every single day! ğŸ˜‚,,
265,BGXk7iaGbZU,17857493635030615,hosttravel,2016-06-08 08:00:12,Nice!,,
266,BGXk7iaGbZU,17857566322030615,dylansesco,2016-06-10 14:23:38,ğŸ”¥,,
267,BGXw6R8GbSr,17858012761023318,emceeringo,2016-06-07 23:55:31,Nice!!,,
268,BGXw6R8GbSr,17858012785023318,keeniakolada,2016-06-07 23:57:19,Will there be tix at the door?!,,
269,BGXw6R8GbSr,17858015134023318,thegrandnightclub,2016-06-08 01:55:56,@keeniakolada yes!,,keeniakolada 
270,BGXw6R8GbSr,17858017819023318,cjbruhh,2016-06-08 04:04:55,is there a dress code? and can you wear hats??,,
271,BGXw6R8GbSr,17858019031023318,thegrandnightclub,2016-06-08 05:23:14,@cjbruhh no hats allowed,,cjbruhh 
272,BGXw6R8GbSr,17858019055023318,thegrandnightclub,2016-06-08 05:24:05,@keeniakolada yes tickets will be available at the door,,keeniakolada 
273,BGXw6R8GbSr,17858021233023318,minyarmusic,2016-06-08 07:39:01,ğŸ”¥ ğŸ”¥ ğŸ”¥,,
274,BGXw6R8GbSr,17858023219023318,ashley_mahecha,2016-06-08 10:19:15,Nice picture! Your page is pretty cool. You should go to this website â¡ï¸ lgramsIikeâ€¢com to gain thousands follows on your profile every single day! ğŸ˜,,
275,BGXw6R8GbSr,17858026441023318,sdyakowska,2016-06-08 13:25:18,Ello friend! Go to ÉªÉ¢Ê€á´€á´sÊŸÉªá´‹á´‡â€¢á´„á´á´ â¬…ï¸â¬…ï¸â¬…ï¸ to get 200 likes on your profile daily! It's sweet! ğŸ¤”,,
276,BGXw6R8GbSr,17858038060023318,simplybutterfly_08,2016-06-08 21:07:57,Hello fellow instagrammer! Go to GetlnstafoIlowersâ€¢org â¬…ï¸â¬…ï¸â¬…ï¸â¬…ï¸ to obtain 500 likes on your insta every single day! It's awesome! ğŸ¤—,,
277,BGYphpRmbaG,17859432022012919,repty_paidro,2016-06-09 03:23:22,Who did photography for this event . I'm looking for my photos from this night,,
278,BGh1vvkGbe7,17849076679072118,grubstakesf,2016-06-11 21:11:02,Fun!!,,
279,BGh1vvkGbe7,17849125915072118,nathaliasprata,2016-06-13 13:08:55,Gá´‡á´›ÉªÉ´sá´›á´€Ò“á´ÊŸÊŸá´á´¡á´‡Ê€s.á´Ê€É¢ is the most prime way to get 500 new fans! What are you waiting for? Visit today! ğŸ˜˜ğŸ˜,,
280,BGpfSpaGbQm,17849158729076691,mmarvenn,2016-06-15 22:51:50,Hi friend! Do you wanna increase your insta? Then you should check this url â¡ï¸â¡ï¸ ÉªÉ¢Ê€á´€á´sÊŸÉªá´‹á´‡â€¢á´„á´á´ to obtain 10K+ friends daily! ğŸ˜,,
281,BGxfgnHGbd7,17848706785092288,djr_wan,2016-06-28 04:30:21,wow! ğŸ‘,,
282,BGxkfavmbaA,17862119671059281,untzsf,2016-06-18 17:43:33,â­ğŸ’–âœ¨,,
283,BGxkfavmbaA,17863350370059281,pisce_experience,2016-07-22 16:01:54,I'm diggin' itğŸ’ª!,,
284,BG7ozrUGbaQ,17867715859053167,jessyca.countz,2016-12-11 08:39:40,Applied,,
285,BG-gjH_mbT7,17857535452028510,danatchef,2016-06-23 01:02:26,Pretty!,,
286,BG-gjH_mbT7,17857541014028510,deliriumbarsf,2016-06-23 04:09:45,ğŸ‘ğŸ‘ğŸ‘,,
287,BG-gjH_mbT7,17857542589028510,sierraaaeva,2016-06-23 05:28:24,@gggina_marieee ğŸ‘­#sistahhh,,gggina_marieee 
288,BHVQIEFgEl0,17849704336074075,sf_native415,2016-07-01 21:45:41,@_sparkle_415 @lorriebrier @friscolu @samanthalunt @itskimpossibly @raymoney415,,_sparkle_415 lorriebrier friscolu samanthalunt itskimpossibly raymoney415 
289,BHVQIEFgEl0,17849708728074075,thegrandnightclub,2016-07-02 01:16:39,Congratulations @sf_native415 you have won a VIP Package with a complimentary champagne. Please text us at 415.636.0029 to confirm your table ğŸ™‚ğŸ¾ğŸ‰,,sf_native415 
290,BHVQIEFgEl0,17849708917074075,thegrandnightclub,2016-07-02 01:24:49,@sf_native415 also please confirm by 8pm tonight,,sf_native415 
291,BHkmUhDg3J9,17860731277054838,sailawaymina,2016-08-13 00:47:10,@chasiingpavements,,chasiingpavements 
292,BHnRc86ApND,17859088114012921,shaunryken,2016-07-08 21:02:38,â¤,,
293,BHnRc86ApND,17859396274012921,olga_curiel_,2016-07-17 01:26:43,Can we go here Friday?? @_.lyssa._ @kel5s,,_.lyssa._ kel5s 
294,BHnRc86ApND,17859396298012921,_.lyssa408._,2016-07-17 01:27:51,Let's celebrate your birthday there! @olga_curiel_,,olga_curiel_ 
295,BHnRc86ApND,17859396322012921,olga_curiel_,2016-07-17 01:28:38,Yes I'm so down ..I been wanting to go here @_.lyssa._,,_.lyssa._ 
296,BH0DuFIAxN4,17849241448125899,nastimusiq,2016-07-14 10:16:12,Ayy @thegrandnightclub you have a dope IG!,,thegrandnightclub 
297,BH0DuFIAxN4,17849242012125899,venue.insider,2016-07-14 10:50:31,Amazing post,,
298,BH0DuFIAxN4,17849299540125899,wearenakd,2016-07-16 03:58:06,This is cool :),,
299,BH3RLARgp2q,17858721517051987,salvadorianlove_,2016-07-15 14:02:37,@bennyluchiano,,bennyluchiano 
300,BH3RLARgp2q,17858721985051987,salvadorianlove_,2016-07-15 14:21:02,@_love_cures_all_,,_love_cures_all_ 
301,BH5PSjzgH3F,17858285503027160,sierraaaeva,2016-07-15 20:07:29,YeeeeeesssssğŸ™Œ,,
302,BH5PSjzgH3F,17858286058027160,lilysirenguyen,2016-07-15 20:26:56,Hahaha,,
303,BH5PSjzgH3F,17858287426027160,imgabrielangel,2016-07-15 21:19:31,Very nice pic!,,
304,BH5PSjzgH3F,17858287897027160,ssjennss,2016-07-15 21:30:13,ğŸ˜­ğŸ˜‚ğŸ˜‚ğŸ˜‚ğŸ˜‚,,
305,BH5PSjzgH3F,17858288716027160,monaa_k,2016-07-15 22:03:59,ğŸ˜‚ğŸ˜‚ğŸ˜‚,,
306,BH70w5HgwWc,17849360080090409,illuminated_apparel,2016-07-16 20:25:54,ğŸ‘,,
307,BIDlf14gG4Y,17849515069122756,chavalo408,2016-07-19 20:16:09,@abcramirez25 @jocy1408 @iamfrank1987 @ryeyin27 @dree_dayy10 @alex_thelion12,,abcramirez25 jocy1408 iamfrank1987 ryeyin27 dree_dayy10 alex_thelion12 
308,BIDlf14gG4Y,17849515195122756,1stavenuemedia,2016-07-19 20:21:48,can I like it 2 times?,,
309,BIDlf14gG4Y,17849516044122756,salvadorianlove_,2016-07-19 20:43:43,Aaaahhhhhhhhh!! Omg OMG! @leya_love_ @_miss_gonzalez,,leya_love_ _miss_gonzalez 
310,BIDlf14gG4Y,17849516053122756,salvadorianlove_,2016-07-19 20:43:59,@noeypena0221 we out!,,noeypena0221 
311,BIDlf14gG4Y,17849516308122756,_miss_gonzalez,2016-07-19 20:52:47,Girl I'm still cruda from last weekend lmao @salvadorianlove_,,salvadorianlove_ 
312,BIDlf14gG4Y,17849516767122756,salvadorianlove_,2016-07-19 21:09:56,No way! Seriously! Ighhhhhh! It was a terrible hangover @_miss_gonzalez,,_miss_gonzalez 
313,BIDlf14gG4Y,17849518423122756,elbizzaro,2016-07-19 22:02:39,@lilfob lol,,lilfob 
314,BIDlf14gG4Y,17849527603122756,lilfob,2016-07-20 04:14:26,@elbizzaro lolllll @dangerang,,elbizzaro dangerang 
315,BIDlf14gG4Y,17849546659122756,elenifk,2016-07-20 18:31:43,@yanz_mm @serenaph54,,yanz_mm serenaph54 
316,BIDlf14gG4Y,17849712040122756,love_03_lena,2016-07-25 02:43:15,@iamque  we are going to this ... Me @bucketz_84  @_nezzi_  if you can make it get on the guest list ! ğŸ’ƒ,,iamque we bucketz_84 @_nezzi_ if 
317,BID-dOfgx8O,17858746483021919,officiallourawz,2016-07-21 00:29:52,Salute,,
318,BIENOFHgK8R,17849496703084072,kortilla1,2016-07-20 02:21:51,or something up your skirt ğŸ˜‚,,
319,BIENOFHgK8R,17849497087084072,ssjennss,2016-07-20 02:41:59,@kortilla1 ğŸ˜‚ğŸ˜‚ğŸ˜‚ğŸ˜‚,,kortilla1 
320,BIENOFHgK8R,17849558620084072,thegrandnightclub,2016-07-21 19:23:10,ğŸ˜‚ğŸ˜‚ğŸ˜‚ @kortilla1,,kortilla1 
321,BIENOFHgK8R,17849787778084072,dq_travelking,2016-07-27 18:22:55,Be out there in Nov DM me tables prices please when u get a chance,,
322,BIJQ0GSAsnj,17849526250126804,mattsamoto,2016-07-22 01:50:51,@dreamstateconcepts your boys coming to sf. Time to stop by,,dreamstateconcepts 
323,BILSEqkAbIT,17858754613021941,magalidelarosa,2016-07-23 23:50:33,awesome!,,
324,BIOGdNSgucW,17859893767032236,chriswalker519,2016-07-24 00:07:05,What's the dress code ?,,
325,BIOGdNSgucW,17859893854032236,thegrandnightclub,2016-07-24 00:09:39,@chriswalker519 no tennis shoes  no sports attire and no hats,,chriswalker519 no 
326,BIVgyI5Au9P,17849702464094464,verbe__,2016-07-26 19:59:04,ğŸ‘Œ,,
327,BIVgyI5Au9P,17849727877094464,mslissablanco,2016-07-27 08:37:15,Your baby daddy is coming @ms.aimz,,ms.aimz 
328,BIdXlmnghWl,17850112465098722,sluna_lovve,2016-07-29 22:50:33,Wait what!!!???? @french_toasttty @catherine___  why not?,,french_toasttty catherine___ why 
329,BIdXlmnghWl,17851030549098722,untzsf,2016-08-15 15:33:46,ğŸ’›ğŸ’—ğŸ’š,,
330,BIf3dQ2AKBR,17849866735123299,champayne_ma,2016-07-30 21:31:59,@dio_morales,,dio_morales 
331,BIgdCvhg6i6,17859298285009277,divadesiree29,2016-07-31 01:18:00,I wanna go @50cent,,50cent 
332,BIgg3jaAB_n,17859227464060113,adrienordorica,2016-07-31 02:29:07,ğŸ‘,,
333,BIgg3jaAB_n,17859227764060113,executivedtown,2016-07-31 02:38:02,ğŸ‘Œ,,
334,BIgg3jaAB_n,17859229093060113,ajt87,2016-07-31 03:39:34,What type of music tonight,,
335,BIlGYGnggAO,17850055087081121,_beforethewin,2016-08-02 10:01:58,ğŸ¤˜ğŸ¾ğŸ¤˜ğŸ¾,,
336,BIlGYGnggAO,17850112993081121,wearenakd,2016-08-03 15:44:43,hell yeah,,
337,BIx3t6sAuRk,17860252741024238,neari.dj,2016-08-06 19:40:35,Miss SF..,,
338,BIx3t6sAuRk,17860319029024238,untzsf,2016-08-07 22:56:20,ğŸ¶â­ğŸ‘¯,,
339,BIx3t6sAuRk,17866061437048449,anna_dicenzo,2016-11-20 10:27:49,ğŸ˜,,
340,BI5gyM7gnes,17850925330096248,cbernardino,2016-08-09 19:09:52,See y'all there this Sat ;) @baymcfly @fusion_phattracks @mr.xclus1ve @jerz1rocks @ceejayvee67 @unafeyedbullyzrue @ro_montana @r_francisco415,,baymcfly fusion_phattracks mr.xclus1ve jerz1rocks ceejayvee67 unafeyedbullyzrue ro_montana r_francisco415 
341,BI5gyM7gnes,17869986685054141,anna_dicenzo,2016-11-20 02:44:21,ğŸ˜,,
342,BI5sAe7A_tC,17866674739038335,anna_dicenzo,2016-12-03 04:07:01,ğŸ˜,,
343,BJLrJwRgOW0,17861378122017481,djr_wan,2016-08-24 21:24:04,Aw sweet,,
344,BJLrJwRgOW0,17862226471017481,untzsf,2016-09-08 08:28:20,ğŸ’™ğŸµğŸ’›,,
345,BJgM6U8gVcz,17851179982120066,therealhazews,2016-08-24 19:27:40,@thegrandnightclub,,thegrandnightclub 
346,BJgM6U8gVcz,17851190530120066,jamespbudvar,2016-08-24 22:56:07,You gotta check out wwwÂ·lnstaFoIIowersGramsÂ·com to get thousands of followers everyday!!!!! ğŸ˜› 8,,
347,BJgM6U8gVcz,17851310956120066,thegrandgirls,2016-08-26 22:02:54,ğŸ˜»,,
348,BJgM6U8gVcz,17851401295120066,brigca,2016-08-28 06:03:58,GO TO wÍ™wÍ™wÍ™Â·lÍ™nÍ™sÍ™tÍ™aÍ™FÍ™aÍ™mÍ™eÍ™NÍ™oÍ™wÍ™Â·cÍ™oÍ™mÍ™ TO GET á•¼á‘Œá‘á—ªá–‡Eá—ªá”• Oá–´ á–´Oá’ªá’ªOá—¯Eá–‡á”• á—¯á•¼O á’ªIKE YOá‘Œá–‡ á‘­Iá‘•á”• Eá¯Eá–‡Yá—ªá—©Y! ğŸ˜… 181,,
349,BJgxH91gxmV,17860998589011807,prosellag,2016-08-25 16:18:07,@victoriaaaruiz @katherine_s_a,,victoriaaaruiz katherine_s_a 
350,BJgxH91gxmV,17861013331011807,mmrohrer,2016-08-25 20:51:11,This is great :),,
351,BJgxH91gxmV,17861364817011807,untzsf,2016-08-31 06:52:47,ğŸ˜,,
352,BJlWuNnAeFP,17861269735038311,thegrandgirls,2016-08-26 22:02:37,ğŸ˜»,,
353,BJlWuNnAeFP,17861472538038311,untzsf,2016-08-30 01:39:47,Awesome ğŸ˜,,
354,BJtkZCsAwpo,17851778287119658,leafysocial,2016-08-30 00:03:27,yoo  crazy picture!! I check here every week... Keep it up :p,,crazy 
355,BJw7XkZg9G7,17861116582052844,lovemy_leena,2016-08-31 07:29:35,@soy_oak98,,soy_oak98 
356,BJw7XkZg9G7,17861212891052844,_gypsy_princess1,2016-09-02 03:10:08,R u guys still going to be doing Latino Fridays in nov???â˜º can't wait to go to SFğŸ’œğŸ’œğŸ’œ,,
357,BJw7XkZg9G7,17861266750052844,thegrandnightclub,2016-09-03 05:24:57,@_gypsy_princess1 yes  every Friday we host Latin Night. Make sure to follow us  so you can know what is going to happen in November!,,_gypsy_princess1 every so 
358,BJyd4-nAOw-,17852031952083454,thegrandgirls,2016-09-08 21:46:26,ğŸ¾ğŸ‘¯ğŸ”¥,,
359,BJ9879ZAwt5,17842094479147103,bluedevvo,2016-09-05 08:47:38,The only way to party #therightwaytoparty #partyinthebay #havingfuninthebay,therightwaytoparty partyinthebay havingfuninthebay ,
360,BJ9879ZAwt5,17842096120147103,coachjrlopez777,2016-09-05 11:01:10,Hmm  thinking of celebrating my Bday here,,thinking 
361,BJ9879ZAwt5,17842099108147103,thegrandnightclub,2016-09-05 14:30:36,@coachjrlopez777 ğŸ˜We offer birthday packages. Text/call 415.636.0029 closer to the date for quoted prices.,,coachjrlopez777 
362,BJ9879ZAwt5,17842414642147103,joseline27_,2016-09-18 03:35:59,@sonia_esperanza.g,,sonia_esperanza.g 
363,BKBjdfOgzuR,17842126474187692,skemaddox,2016-09-06 19:03:51,this is sick ğŸ‘,,
364,BKBjdfOgzuR,17845348660130649,anna_dicenzo,2016-11-15 23:57:34,ğŸ˜,,
365,BKElA-rgye2,17852226340107331,lene831,2016-09-07 23:47:04,Umm lol @delerix I think I'm done recovering lmao,,delerix 
366,BKElA-rgye2,17852226646107331,delerix,2016-09-08 00:00:36,ğŸ˜©ğŸ™ˆ sucks were not gonna be there! :/ lol @lene831,,lene831 
367,BKElA-rgye2,17852226685107331,lene831,2016-09-08 00:03:25,@delerix what you mean?? Lol we can go to SF lol (jk not that down just yet lol),,delerix 
368,BKElA-rgye2,17852226703107331,delerix,2016-09-08 00:04:20,Lol ğŸ˜‚ I know that but I have a quience to go to lol that's what I meant @lene831,,lene831 
369,BKElA-rgye2,17852226727107331,thegrandnightclub,2016-09-08 00:05:39,We are open until 2 am ladies ğŸ˜ @delerix @lene831,,delerix lene831 
370,BKElA-rgye2,17852332867107331,lvsqz12,2016-09-10 08:47:11,@thegrandnightclub where can I get tickets ?,,thegrandnightclub 
371,BKo2nNrA55K,17867006491022539,paigem812,2016-09-22 00:41:55,@kee_sta_ @herthinnerbeauty ğŸ˜©ğŸ˜©ğŸ˜©ğŸ˜©,,kee_sta_ herthinnerbeauty 
372,BKo2nNrA55K,17867006995022539,kendraboo9271,2016-09-22 01:00:32,Leggo! Lol @amilli0nare @_nhqueen,,amilli0nare _nhqueen 
373,BKo2nNrA55K,17867007445022539,amilli0nare,2016-09-22 01:17:57,I saw this but the cheapest is like $70 before fees ğŸ˜©ğŸ˜©ğŸ˜© @kendraboo9271,,kendraboo9271 
374,BKo2nNrA55K,17867008660022539,dianadancelife,2016-09-22 01:48:13,Oh ğŸ™€ğŸ˜ºğŸ˜ºğŸ˜º,,
375,BKo2nNrA55K,17867017336022539,angiedurkee,2016-09-22 08:14:18,@abigailcaroline94 @juliapetrus @ginabellina,,abigailcaroline94 juliapetrus ginabellina 
376,BKo2nNrA55K,17867045731022539,lokelani_lt,2016-09-23 00:01:36,@xotillyou_overdose after party?ğŸ¤”ğŸ¤” lol jk,,xotillyou_overdose 
377,BKo2nNrA55K,17859805990070513,anna_dicenzo,2016-11-28 15:26:40,ğŸ’,,
378,BKq7UbxAb35,17863945309057340,paigem812,2016-09-22 22:31:50,@herthinnerbeauty @kee_sta_ ğŸ˜©ğŸ˜©ğŸ˜©ğŸ˜©ğŸ˜©ğŸ˜©ğŸ˜©ğŸ˜©ğŸ˜©ğŸ˜©ğŸ˜­ğŸ˜­ğŸ˜­ğŸ˜­ why can't this be sat night,,herthinnerbeauty kee_sta_ 
379,BKq7UbxAb35,17864047867057340,nate_tella,2016-09-25 05:19:27,@john_navalta we out?,,john_navalta 
380,BKq7UbxAb35,17865938269053577,anna_dicenzo,2016-11-13 11:02:32,ğŸ’,,
381,BKyqQtHAtUm,17852210716083429,wearenakd,2016-09-26 04:52:37,Nice one!,,
382,BKyqQtHAtUm,17852211973083429,ccristina.j,2016-09-26 06:25:22,@jasmiinn your video...ğŸ‘€,,jasmiinn 
383,BK9g6HPglbn,17842790857192968,garretstone,2016-09-30 01:54:30,right on! ğŸ‘Š,,
384,BK9g6HPglbn,17843114059192968,lucky_lefty757,2016-10-08 19:00:01,@christian.taylorr,,christian.taylorr 
385,BLKK5CagmZg,17843367367137886,djr_wan,2016-10-17 20:13:12,This is sweet :),,
386,BLKK5CagmZg,17843425645185010,heyitsmarcella,2016-10-20 06:37:55,@meghperkovich,,meghperkovich 
387,BLKK5CagmZg,17866044103014163,untzsf,2016-11-07 06:11:01,Awesome ğŸ˜,,
388,BLKK5CagmZg,17847079930188906,anna_dicenzo,2017-01-17 23:30:57,ğŸ’¥,,
389,BLKx3JHA8Tk,17867259592047287,yourbigbosslink,2016-10-05 05:20:49,Hello... ladies...,,
390,BLKx3JHA8Tk,17867312065047287,dj.220,2016-10-05 15:00:48,@thegrandnightclub Ayy your IG is dope!,,thegrandnightclub 
391,BLKx3JHA8Tk,17867518735047287,thegrandgirls,2016-10-08 22:26:35,ğŸ¾ğŸ‘¯ğŸ”¥,,
392,BLKx3JHA8Tk,17843714308193104,evelyn_cabas_,2016-10-28 06:33:54,@bodybyval is a Fashion Designer That Specializes in Nightclub Custom Uniforms  Outfits  Dresses &amp; BodySuits #BodyByVal #HandMade MADE IN MIAMI #CustomMade 305.890.6269,BodyByVal HandMade CustomMade ,bodybyval Outfits Dresses 
393,BLUNrKKg8J4,17853477253103343,ausdjforums,2016-10-08 21:27:53,Best ğŸ‘Œ,,
394,BLZvhwQgqcf,17843140312175235,gettingfitjes,2016-10-11 01:01:19,Like your page ;),,
395,BLhJAJNg0VM,17843267377193440,rebekki88,2016-10-14 01:27:53,@itshaunnah too bad you wont be here!!!!,,itshaunnah 
396,BLhJAJNg0VM,17843278057193440,lene831,2016-10-14 07:06:18,Option for Friday lol @letty_8319,,letty_8319 
397,BLhJAJNg0VM,17843348302193440,iamdrew___vq,2016-10-16 06:49:56,@danny_lal ??ğŸ¤”,,danny_lal 
398,BLhJAJNg0VM,17843348326193440,iamdrew___vq,2016-10-16 06:50:30,@akskumar you been to this place?,,akskumar 
399,BLhJAJNg0VM,17843348575193440,akskumar,2016-10-16 07:05:27,@andrew94_dc5 yup not for Halloween but in general ya,,andrew94_dc5 
400,BLtsRcHgxqH,17863961716055301,lllll0llll___,2016-10-18 18:47:39,Follow me for upcoming events! ğŸ’¥,,
401,BLtsRcHgxqH,17853291121090910,rockinbrides,2016-10-19 18:50:17,Outstanding one!,,
402,BLtsRcHgxqH,17843450431170547,tmscollective,2016-10-19 21:34:31,Strong work. ğŸ’ªğŸ»,,
403,BLtsRcHgxqH,17853814327128980,thatsjeremy,2016-10-19 21:43:59,@thegrandnightclub Kanye west for official after party?,,thegrandnightclub 
404,BL-AKd5gUD1,17843656120172809,oleafilms,2016-10-26 12:39:57,Love this,,
405,BMIKI4EgtfS,17843757004192179,tmscollective,2016-10-29 01:40:58,Front of the Bell Curve. ğŸŒ,,
406,BMIKI4EgtfS,17864639683052417,alysiakeyssss,2016-10-29 01:45:56,@reenamaee,,reenamaee 
407,BMIKI4EgtfS,17843715178163292,thegrandnightclub,2016-10-29 06:37:55,@alysiakeysss @reenamaee ğŸ‘‹ğŸ½ğŸ‘‹ğŸ½,,alysiakeysss reenamaee 
408,BMX9Zolgdq4,17853872110089748,chiioluv,2016-11-04 07:13:23,@chikisss_,,chikisss_ 
409,BMX9Zolgdq4,17843953549190767,jonny.rios,2016-11-04 09:31:09,Super nice :),,
410,BMX9Zolgdq4,17843952448154356,akirathedon,2016-11-04 20:00:51,ğŸ‘Š,,
411,BM2br2JgIe0,17855218210129970,jake_hadden,2016-11-16 13:16:47,ğŸ˜„,,
412,BM2eb-4gdKU,17855254783128047,chiioluv,2016-11-16 00:56:00,@chikisss_,,chikisss_ 
413,BM2eb-4gdKU,17868258751062757,missbomb_shell,2016-12-28 05:03:20,@uniques0badd,,uniques0badd 
414,BM2eb-4gdKU,17873960029046311,yahhnesss,2017-02-16 03:18:24,@chrysiboo,,chrysiboo 
415,BPVz06DgdZc,17859086227109876,siiilmdz,2017-01-16 22:09:27,Yaaayy! Love latino fridays â¤,,
416,BPa01xnAivC,17849005147182255,muzzimuscle,2017-02-12 15:05:38,ğŸ”¥,,
417,BPa01xnAivC,17875426027002131,mohammadmusictv,2017-03-09 10:24:07,ğŸ˜,,
418,BPgbo0Fgxhv,17857845652089474,shuggalippzz,2017-01-21 00:54:22,ğŸ‘,,
419,BPiv9V2gJ-O,17847654142171728,nektarliqueur,2017-01-24 12:46:28,Excellent!!!! nice,,
420,BPiv9V2gJ-O,17874976552035215,monarchtheatre,2017-03-11 06:26:17,Great stuff!,,
421,BPqXfzvgtZV,17873014045058523,barsmithphx,2017-03-05 01:31:29,This is awesome,,
422,BPx7ZLWDyZC,17870957707038075,henrygeraldg,2017-01-27 20:03:58,ğŸ‘,,
423,BPx_s_1j-ZM,17848092904183203,djcourtneymills,2017-01-29 05:16:42,ğŸ˜„,,
424,BPx_s_1j-ZM,17861013865098450,corporate_raider,2017-02-10 11:52:45,Oh  yes!!ğŸ˜Grand SF always has the sexiest crowd!ğŸ‘…ğŸ’¦ Hey @thegrandnightclub You guys should book the legendary world-famous StoneBridge @realstonebridge The Bay Area loves StoneBridge's funky sound! ğŸ¼ğŸ™ŒğŸ˜ My Silicon Valley tech colleagues and I we often have bottle service and we have an awesome time at your venue. ğŸ‰ğŸˆğŸŠğŸ¾ğŸ•ºğŸ’ƒ,,yes!!ğŸ˜Grand thegrandnightclub realstonebridge 
425,BP0bWKYjyoQ,17871673957003341,nahidmkamal,2017-01-28 20:09:37,ğŸ‘Œ,,
426,BP0bWKYjyoQ,17858380033093819,djmaniakal,2017-01-29 23:29:46,Great!,,
427,BP_gv_igMyP,17860227814116704,kitwaltersmusic,2017-02-02 02:53:05,Das whats up,,
428,BQD8nfeg3Df,17848868449149102,msmondy,2017-02-03 21:54:12,Hey ladies ğŸ˜ğŸ˜ğŸ˜˜ğŸ˜˜ love this pic of us! @poison_eli @d_marie118,,poison_eli d_marie118 
429,BQD8nfeg3Df,17871597052025178,d_marie118,2017-02-04 03:11:08,Can't wait til next time ğŸ˜˜ğŸ˜˜ @msmondy @poison_eli,,msmondy poison_eli 
430,BQGfPpZAkXz,17860640632104233,jnoldmusic,2017-02-04 21:03:41,Awesome venue! Check your DM when you have a moment  thanks so much,,thanks 
431,BQRHEImghqa,17871913288041254,jckaroo,2017-02-08 22:42:58,âš¡,,
432,BQRHEImghqa,17863014202077173,compasssaturdays,2017-02-11 12:38:19,ğŸ™Œ,,
433,BQRHEImghqa,17860589284127471,merotherealboy,2017-02-13 15:42:37,Linda foto  saludos !!!,,saludos 
434,BQTeWbag9Af,17848917100165232,mvpnightclub,2017-02-11 18:44:03,âš¡,,
435,BQTeWbag9Af,17849019214152030,whattuduapp,2017-02-12 10:48:38,This is the nicest one!,,
436,BQTeWbag9Af,17861637805103095,jnoldmusic,2017-02-15 20:38:54,Love your venue  please check your DM when you have a chance thanks so much!,,please 
437,BQV7JlSA8NO,17871852022038889,thegrandnightclub,2017-02-10 23:55:31,@bayareapartyupdates yes!,,bayareapartyupdates 
438,BQV7JlSA8NO,17871594790060403,thegrandnightclub,2017-02-10 23:55:56,@bayareapartyupdates they need to contact usğŸ˜œ,,bayareapartyupdates 
439,BQV7JlSA8NO,17848908259178132,lisawarenda,2017-02-11 05:49:16,Dress code for guys?,,
440,BQlb_l5AdlA,17863623658077577,itsdjacme,2017-02-16 20:07:59,Today is Thursday ğŸ˜‚ someone is so ready for the weekend ... join us #LATINOFRIDAYS ğŸ¾ğŸ‚,LATINOFRIDAYS ,
441,BQlb_l5AdlA,17872002919059457,thegrandnightclub,2017-02-16 20:52:58,@itsdjacme we can't wait for Friday! ğŸ˜‚,,itsdjacme 
442,BQlb_l5AdlA,17851428700141586,mvpnightclub,2017-02-19 06:15:51,âš¡,,
443,BQ3fkT5Ahfs,17872595602022470,miznikayy,2017-02-23 20:14:37,ğŸ™‹ğŸ» me ğŸ‚,,
444,BQ3fkT5Ahfs,17874251986038832,djmidnight,2017-02-23 21:31:44,Never seen @amazingandrej smile before. Lol,,amazingandrej 
445,BQ3fkT5Ahfs,17849913547172265,claudianj96,2017-02-23 23:41:47,Got my table reserved for my 40th!!!,,
446,BQ3fkT5Ahfs,17864405098078210,amazingandrej,2017-02-24 09:20:25,@djmidnightsf ğŸ˜ğŸ‘ğŸ½,,djmidnightsf 
447,BQ4EjMSgyrS,17872855480025787,tonycottrellphotography,2017-02-24 01:36:30,Great photo! ğŸ˜ƒ,,
448,BRG3osWArxF,17862628027119615,heron.hernandez.oficial,2017-03-01 19:37:27,animo,,
449,BRG3osWArxF,17850688498155471,muzixthenetwork,2017-03-01 20:30:03,ğŸ™Œ,,
450,BRG3osWArxF,17868676168070478,charlydechicago,2017-03-02 09:09:59,Listen to some Kumbias https://soundcloud.com/djcharlydechicago/sets/kumbias-matonas-sets,,
451,BRG8_zvAFyT,17862795349098989,senorcabronn,2017-03-01 20:22:40,@thegrandnightclub the one on the left gave me the best bottle service when de la ghetto was at the grand ğŸ‘ŒğŸ»ğŸ‘ğŸ¼,,thegrandnightclub 
452,BRG8_zvAFyT,17850283951171163,chuygomez,2017-03-01 21:47:21,@sierraaaeva is the BEST!!!! @666gato,,sierraaaeva 666gato 
453,BRG8_zvAFyT,17862831088099934,sierraaaeva,2017-03-02 02:18:35,Thank you both so much!!!!!ğŸ˜ğŸ¾ğŸ¾ğŸ¾@chuygomez  @666gato,,@666gato 
454,BRWZ6MEgs6H,17868623584078053,sarahhsamantha,2017-04-10 03:33:24,@missdanielleee,,missdanielleee 
455,BRZAEM4gHWE,17853185785143114,jessicalouisemusic,2017-03-08 21:39:27,ğŸ‘,,
456,BRbm_fSAesE,17874302665045556,princewonda,2017-03-09 22:28:04,Dope,,
457,BRbm_fSAesE,17864128033113292,un_gentilhomme,2017-03-15 19:38:44,ğŸ‘ŒğŸ½,,
458,BRcKw56AAhW,17850856222180071,brandonbechard,2017-03-10 02:46:27,Keep it up!,,
459,BReNswpgsse,17863875262129994,ignaymusic,2017-03-14 23:38:56,Dope!,,
460,BReNswpgsse,17876744725040809,four_seven_photography,2017-03-16 17:59:49,I gotta get out there!,,
461,BReNswpgsse,17852580640144685,christinaaporto,2017-03-17 01:16:44,I adore you @sierraaaeva,,sierraaaeva 
462,BReNswpgsse,17861864578093916,sierraaaeva,2017-03-17 01:22:25,I adore the ğŸ’© out of you @xtinaarlene,,xtinaarlene 
463,BRqzpd7AGpk,17868868762071789,four_seven_photography,2017-03-16 17:59:03,Looks like fun!,,
464,BRtYdUeA3Vl,17861973292091600,javiervallinoficial,2017-03-17 05:20:45,Photography ğŸ“¸ğŸ“¸ğŸ“¸ @javiervallinoficial,,javiervallinoficial 
465,BRvfupUAUh0,17863353088125216,djemoney1,2017-03-17 14:54:44,This is really fascinating,,
466,BRvfupUAUh0,17875183435037225,un_gentilhomme,2017-03-22 03:16:58,Wonderful,,
467,BRysY3Xgu25,17920991890174518,i_m_s87,2018-06-22 17:25:49,ğŸ”¥,,
468,BR8zVJWAtfC,17862480937091457,sheikhmende,2017-03-23 08:22:59,ğŸ’­ interesting!,,
469,BR8zVJWAtfC,17882096227023006,yteam_,2017-03-30 01:18:35,Love it!,,
470,BR_gFYyAE8U,17852422486155081,meet0011,2017-03-23 19:47:57,Good Vibes,,
471,BSEkHKlg93h,17864589844099701,spirit.humour,2017-03-25 19:19:10,ğŸ’—,,
472,BSMQgk5ghyS,17875871446049802,pwounds,2017-03-28 19:14:50,Cool ğŸ¤˜ğŸ¼,,
473,BSMsLbFgdyw,17854610038142789,aboveaveragehh,2017-03-28 22:43:49,ğŸ’¯,,
474,BSMsLbFgdyw,17852271382193559,enterprize_entertainment,2017-03-29 01:57:50,this is fire. u should checl out @Gfisher_Music,,Gfisher_Music 
475,BSMsLbFgdyw,17877337834057924,djmancat,2017-03-29 12:07:50,ğŸ˜¸,,
476,BSRuO5qgK5O,17865127795097144,g_o_g_h,2017-03-30 21:23:43,Nice,,
477,BSRuO5qgK5O,17875607452010138,e_money_world,2017-03-30 21:55:37,anyone look familiar? lol @jus_lyfe @scoobie_snacks2389,,jus_lyfe scoobie_snacks2389 
478,BSRuO5qgK5O,17877032500047715,kendrickkim,2017-03-30 22:39:18,Always a great time!,,
479,BSb4-hng9d8,17852733589186417,verogothooded14,2017-04-06 05:43:56,Play some @kewincosmos at #LatinoFriday,LatinoFriday ,kewincosmos 
480,BSeVfDCg2Q9,17867663761109668,fuenteselmutante,2017-04-04 21:54:16,ğŸ˜ˆğŸ˜ˆğŸ‘…ğŸ˜ˆğŸ˜ˆ,,
481,BShFtiBAwO-,17876403205055313,myofficialspain,2017-04-05 22:28:21,ğŸ˜,,
482,BSjiZyegjvM,17865815671113984,sarahhsamantha,2017-04-10 03:33:08,@missdanielleee,,missdanielleee 
483,BSjyRFEgKGl,17854654834153664,portiay_legendarymix,2017-04-17 20:32:12,Niiice!!!,,
484,BSmGPmMg-Wv,17868005683079178,b_ray_music,2017-04-07 20:03:29,Bien dÃ­a  pasala bien!,,pasala 
485,BSmnGAZAWDB,17876836108011196,_briea_jade_,2017-04-08 00:39:44,great page,,
486,BSmnGAZAWDB,17852970673173693,louisparqpelliccia,2017-04-08 01:26:08,âœ¨ ğŸ’¥,,
487,BSpT_JYg41D,17853780778158337,baggiofficial,2017-04-09 01:07:10,ğŸ¤›,,
488,BSxEKgGg8Av,17853310081170165,upsideforever,2017-04-12 04:42:16,ğŸ‘ŒğŸ‘Œ,,
489,BS1izWeguFS,17854230772158691,rhythmology,2017-04-14 05:10:36,Cool!,,
490,BS7NA2Rgm81,17876730928045384,zegoviano,2017-04-16 00:08:06,Wwa,,
491,BTFsZQLAhJo,17877858451045598,theundergrounddancecentre,2017-04-20 01:50:52,This one is smart,,
492,BTFsZQLAhJo,17866805434109222,ricardoralphlopez28,2017-04-20 02:05:40,ğŸ˜„ğŸ˜„ğŸ‘,,
493,BTpAsphgPhb,17881527325019898,compasssaturdays,2017-05-05 09:08:53,ğŸ™Œ,,
494,BTsLvPhgVzP,17879921530006970,fercho_pio,2017-05-05 00:58:15,@___livebeautifully___,,___livebeautifully___ 
495,BT4oRFagQtf,17868571012114706,thefrenchfolk,2017-05-09 21:25:24,ğŸ’™ğŸ’šğŸ’›â¤,,
496,BT4oRFagQtf,17866333366093190,barbellewear,2017-05-10 06:14:34,#ğŸ†,,
497,BUDT3PzAFNA,17882423956003052,_jackie_baebee_xoxo,2017-05-14 22:10:50,Is there a reason you guys were closing the club last night?,,
498,BUNiL4tgXJT,17866773829081594,j_napoleon_,2017-05-17 23:45:57,ğŸŒ¹ğŸŒ·ğŸŒºğŸŒ¸,,
499,BUNiL4tgXJT,17869373176112562,asexualalien,2017-05-18 19:59:37,Super cool!,,
500,BUNiL4tgXJT,17882657545013685,cottoncandycoral,2017-05-22 08:39:31,ğŸ˜»,,
501,BUSI-rnAZqQ,17881082263057113,idstroy,2017-05-19 20:50:29,ğŸ‘Œ salute!!,,
502,BUVaAX_ADnF,17855829394187194,chelas.y.pupusas,2017-05-21 00:38:32,@christinaarleneporto yeah I would choose you as my favorite ğŸ˜‰,,christinaarleneporto 
503,BUdK8V9gxHp,17869784398112450,djmindmotion,2017-05-24 01:21:53,ğŸ”¥ğŸ”¥ğŸ”¥ğŸ”¥,,
504,BUdK8V9gxHp,17872865023141857,aquarelasamba,2017-08-26 16:58:11,@thegrandnightclub Thank you !!!,,thegrandnightclub 
505,BUfS70agqFs,17857238599164643,confettimaker_webshop,2017-05-27 22:18:38,That calls for some confetti!,,
506,BUfS70agqFs,17896845454056841,aquarelasamba,2017-08-26 16:57:47,@thegrandnightclub Thank you !!!,,thegrandnightclub 
507,BUhmGmPgkKq,17895864910016519,aquarelasamba,2017-08-26 16:57:22,@thegrandnightclub Thank you !!,,thegrandnightclub 
508,BUkU9CLgqvV,17856137923187347,halftheanimal,2017-05-28 05:19:43,this is dope!,,
509,BUkwE5VAyik,17881511593058947,yerbill,2017-05-27 04:26:33,âœ¨ğŸ‘ğŸ»âœ¨,,
510,BUm0Kztgi2d,17881843816028090,guidrysteve,2017-05-27 18:57:37,@heathbar54,,heathbar54 
511,BU5E9MVgDLz,17857177747191929,photosbyandrew,2017-06-03 21:06:52,Try to hit up Cataract falls!! It has been rockin' since all the rain,,
512,BVGVfyhAULL,17883103201049610,blackheartclub11,2017-06-09 04:40:57,@nomartinjustgina @yaaaahhhellie_ you guys have to do this!! ğŸ‡²ğŸ‡½ ğŸ‡µğŸ‡¹,,nomartinjustgina yaaaahhhellie_ 
513,BVIQ4DZgK1V,17871804799096763,mama.sami,2017-06-09 18:54:18,ğŸ¤—ğŸ¤—,,
514,BVIQ4DZgK1V,17843608990196937,lilysirenguyen,2017-06-09 19:57:11,@mama.sami You're back! ğŸ‘ŒğŸ»,,mama.sami 
515,BVLlZ9FAzNi,17861307268130222,paquita_magana,2017-06-12 00:47:23,@therealmiketm,,therealmiketm 
516,BVStv0kAVe-,17860234663148235,l0baby,2017-06-13 22:16:31,Pretty girls ğŸ˜Š @wheres_wendayy @mama.sami @sierraaaeva @oraredd,,wheres_wendayy mama.sami sierraaaeva oraredd 
517,BVTNoHEgZm1,17876389897078414,vipme.events,2017-06-24 06:15:12,Dope Page! Come Party with us :),,
518,BVYG9u_glaz,17884439278023769,christinaaporto,2017-06-16 00:01:58,Omg yes!,,
519,BVYdInCgS_a,17884433845005378,derty__,2017-06-16 01:43:45,@f8ful87,,f8ful87 
520,BVYdInCgS_a,17871134095122286,generacionazul,2017-06-16 04:34:07,That was a blast that night yeee!!@thegrandnightclub,,
521,BVYdInCgS_a,17859575968181432,_mrwes,2017-06-16 05:05:26,@theerikacruz you're famous!,,theerikacruz 
522,BVs6Z9-gMPN,17873491600106162,fercho_pio,2017-06-24 00:48:53,@_lovegigi,,_lovegigi 
523,BV0nhFzA2QU,17863272178143554,mayser1,2017-06-27 00:09:14,I see some OG's in this pic! ğŸ˜»ğŸ˜»ğŸ˜» @francescavip__ @wheres_wendayy,,francescavip__ wheres_wendayy 
524,BV5zZvJgoPI,17874439405103067,amazingandrej,2017-06-29 00:29:49,#latinofridays #chuygomez,latinofridays chuygomez ,
525,BV5zZvJgoPI,17863853725139019,chuygomez,2017-06-29 00:34:21,#ThatsHowYouDoItChuy,ThatsHowYouDoItChuy ,
526,BV5zZvJgoPI,17886193378036249,richcityychuntdollas,2017-06-29 01:11:31,@chuygomez it's lit ğŸ”¥ğŸ”¥as always,,chuygomez 
527,BWBdrIVgebn,17862636175154428,itscaryc,2017-07-01 23:49:39,ğŸ”¥ğŸ”¥ğŸ”¥,,
528,BWbCvQ4Aiif,17888360461062207,kooldjherc,2017-07-11 23:52:30,KOOL :),,
529,BWs3LpKg1eP,17864633971182013,jennastrope,2017-07-18 20:20:38,ğŸ‘ŒğŸ¼ğŸ»,,
530,BWtXovQAYyk,17883872974068276,djmindmotion,2017-07-19 01:08:10,ğŸ”¥ğŸ”¥ğŸ”¥ğŸ”¥ğŸ”¥,,
531,BWtXovQAYyk,17889604189005050,judah.c,2017-07-19 02:08:47,@curvalicious_ari ğŸ‘€,,curvalicious_ari 
532,BWvtC87g3ap,17864222218187991,hiallyoliveiraa,2017-07-19 22:45:58,Sdv ğŸ’™,,
533,BW1MeEpg_xb,17875370803082936,caitlynshaostyle,2017-07-22 03:19:45,ğŸ˜„ğŸ˜„ğŸ‘,,
534,BW_ca_VAm0P,17879182684107140,brideside,2017-07-26 02:03:15,ğŸ’—,,
535,BXB7YRugCUj,17876121670091696,neomusicgroup,2017-07-27 02:48:29,Stay positive and believe in YOU.,,
536,BXB7YRugCUj,17891016661038287,_princesssteff,2017-07-27 05:27:38,Is this club 21+,,
537,BXB7YRugCUj,17866586521150002,thegrandnightclub,2017-07-27 19:41:38,@_princesssteff yes,,_princesssteff 
538,BXEQ-GOA3Cr,17865672166184817,lit.show,2017-07-27 22:24:42,Nice,,
539,BXRi1Q5gXO4,17866051921164279,monicasilacci,2017-08-03 02:21:06,When @sierraaaeva ain't got no time for help ğŸ˜‚ğŸ¤¸ğŸ¼â€â™€ï¸,,sierraaaeva 
540,BXRi1Q5gXO4,17880148594105262,sierraaaeva,2017-08-03 02:28:08,@monicasilacci ğŸ˜‚ feel me?!,,monicasilacci 
541,BXYkXRbALiD,17880330928106063,yazzrm,2017-08-05 03:11:44,@suussiiee_,,suussiiee_ 
542,BXqhM0aAG5_,17894167780042035,thereallaiza,2017-08-11 19:05:29,ğŸ™ğŸ¼,,
543,BXtDpNHgM69,17878485457091441,sierraaaeva,2017-08-12 21:42:23,Thank you my Grand faaaam!!! Love you guysğŸ˜˜â¤â¤â¤,,
544,BX0zwliAS2P,17881863883115630,sierraaaeva,2017-08-15 20:59:01,ğŸ˜‚,,
545,BYGvquZAYNO,17870030878153296,indiepushpromo,2017-08-22 22:40:41,nice,,
546,BYJZ1-pgUqU,17883427507109510,museummamii,2017-08-25 06:39:23,This is so cool!,,
547,BYMhmvIA9CS,17895884047044746,stevieboymuziq,2017-08-25 09:35:37,#Mijo,Mijo ,
548,BYOlnVlAKZC,17855218510194007,itsdjacme,2017-08-25 19:08:27,ğŸ”¥ğŸ”¥ğŸ”¥,,
549,BYZcR7OgYUW,17896323427016548,donbernardjr,2017-08-30 00:22:58,Love love love! âœ¨ Let's network ğŸ™,,
550,BYbWydVAQNH,17881007260087418,iggy.igcredible,2017-08-31 02:47:08,@drea.dior We're there,,drea.dior 
551,BYbWydVAQNH,17890672615066703,drea.dior,2017-08-31 03:51:04,ğŸ™ŒğŸ¼ğŸ™ŒğŸ¼ğŸ™ŒğŸ¼ @iggy.igcredible,,iggy.igcredible 
552,BYcJLb3AS20,17916523627027337,iamvallejodoe,2018-01-04 04:24:40,@shinoarae_,,shinoarae_ 
553,BYcJLb3AS20,17890255237192724,_sunflowersoul,2018-01-04 07:39:04,@iamvallejodoe ooooooo what package were you thinking ?,,iamvallejodoe 
554,BYcJLb3AS20,17904500233098275,iamvallejodoe,2018-01-04 07:57:50,@shinoarae_ shit whatever best fits who would you be inviting? Iâ€™m thinking 4 heads a bottle,,shinoarae_ 
555,BYcJLb3AS20,17922240613030706,jeka24fit,2018-01-31 03:15:30,@mrs.plaza1205_,,mrs.plaza1205_ 
556,BYginMaAkJP,17870486914160286,teamkonquest,2017-09-01 21:42:38,this  is sick  feel free to drop a comment on my latest post also  together everyone achieves more!,,is feel together 
557,BYtfLInAz9u,17872442398190573,dan_mateus,2017-09-06 21:43:26,This looks really awesome!,,
558,BYtfLInAz9u,17882127376080460,anhellicka,2017-09-07 06:58:40,@bina1love our pic made it to their page,,bina1love 
559,BYtfLInAz9u,17874280183137811,bina1love,2017-09-07 13:21:00,Whoa ğŸ˜® @anhellicka,,anhellicka 
560,BYtfLInAz9u,17898487648049880,bina1love,2017-09-08 04:09:53,Look girls! @monicar89 @ayitskei @yeska_boo_,,monicar89 ayitskei yeska_boo_ 
561,BYtfLInAz9u,17871178219164435,itsyesikab,2017-09-08 14:49:32,@bina1love heyyy!,,bina1love 
562,BYtfLInAz9u,17885465815102643,itsyesikab,2017-09-08 14:57:24,@bina1love lets go today lol!,,bina1love 
563,BY1hf8MgMOI,17870367823169880,teamkonquest,2017-09-10 18:22:50,this  is dope! tap in to #TeamKonQuest when you can!,TeamKonQuest ,is 
564,BZCFK8Ug0kc,17892484366068837,2amclubmv,2017-09-14 21:05:18,ğŸ»,,
565,BZCwiZOg--W,17886359104109530,wrivax,2017-09-15 01:59:07,This photo looks so professional!!!,,
566,BZHSNLIAe5M,17893061398068869,itsdjacme,2017-09-16 19:51:44,ğŸ”¥,,
567,BZUTKm0ghR5,17874686758151402,mmrohrer,2017-09-21 23:29:40,Super sweet!,,
568,BZhYXoSBTZm,17899891585011082,djshadowred,2017-09-26 23:46:05,Cool!,,
569,BZhYXoSBTZm,17884825960081817,femaleartgaze,2017-09-30 05:02:43,Amazing! :),,
570,BZji3rtBwYB,17842959169222259,partyinaustin,2017-10-04 03:20:09,ğŸ‘ŒğŸ™ŒğŸ¤˜,,
571,BZmqSNShjB6,17842358794211452,williamrosewood,2017-09-29 01:01:49,Very nice! ğŸ˜ƒ,,
572,BZmqSNShjB6,17842370482217269,f1ootball6,2017-09-29 05:29:05,Birthday party,,
573,BZmqSNShjB6,17901947590036459,dontkillsebastian,2017-09-30 20:46:22,ğŸ˜ƒ,,
574,BZo0t9thX3b,17885073526082590,jrosalyy,2017-09-29 20:57:24,@dianabarajas_43 @anghellicaa @_lehssss,,dianabarajas_43 anghellicaa _lehssss 
575,BZo0t9thX3b,17872880161175063,_lehssss,2017-09-29 20:58:38,@jrosalyy dammmmn ğŸ˜ğŸ˜,,jrosalyy 
576,BZwM1NVhwkg,17896981351066305,sierraaaeva,2017-10-03 03:02:34,ğŸ™â¤,,
577,BZwM1NVhwkg,17876371426146599,varela_5150._,2017-10-03 03:42:28,ğŸ™,,
578,BZy2HPPB6Qy,17877384025133480,itsdjacme,2017-10-03 18:30:39,Lit,,
579,BZy2HPPB6Qy,17879663908159721,katrinamarie1478,2017-11-05 05:30:01,@valerie_brunt12,,valerie_brunt12 
580,BZy2HPPB6Qy,17890026886091936,valerie_brunt,2017-11-05 07:02:07,@h.bananas_,,h.bananas_ 
581,BZ66jn3BEZU,17876489179176329,deadxpuppy,2017-10-06 20:50:53,ğŸ’¦,,
582,BZ66jn3BEZU,17886641593091720,itsdjacme,2017-10-07 04:38:18,ğŸ”¥ğŸ”¥ğŸ”¥ğŸ”¥,,
583,BZ66jn3BEZU,17875633141166002,_nanccyem,2017-10-13 07:37:23,@dhatboyyen,,dhatboyyen 
584,BZ66jn3BEZU,17889687328180976,iamvallejodoe,2018-01-04 04:23:24,@shinoarae_,,shinoarae_ 
585,BZ7FICHh4dk,17890177009110870,jayygwuapo209,2017-10-07 01:15:32,@ernestoothoo,,ernestoothoo 
586,BZ7FICHh4dk,17873679967170182,the3pm,2017-10-07 04:34:45,come to my page i have tons of free content for every one plus im giving stuff away for free right now!! huryy it wont last ğŸ˜„ğŸ˜„ğŸ˜„ğŸ˜„ğŸ˜„,,
587,BZ7FICHh4dk,17889975877108421,kingluis_96,2017-10-10 05:34:09,@ivonne___f,,ivonne___f 
588,BaFCNjKBHzi,17879044975141952,imjustjoey,2017-10-10 21:31:49,You're talented  lets network! Follow back?,,lets 
589,BaFCNjKBHzi,17902739203023706,wallstreet_v_enterprise,2017-10-13 07:34:53,nice!,,
590,BaFMGDzBINT,17908433593062092,renobravomusic,2017-10-10 21:46:56,ğŸ‘ŒğŸ¼ğŸ‘ŒğŸ¼ğŸ‘ŒğŸ¼,,
591,BaFnJ8-B6N0,17874321280174416,itsdjacme,2017-10-11 02:31:52,ğŸ”¥ğŸ”¥ğŸ”¥ğŸ”¥ğŸ”¥,,
592,BaNVyN0hLI9,17903358556018025,kibolavozpr,2017-10-16 00:28:37,Dope! ğŸ™Œ,,
593,BacMaeSBHp-,17891417083100254,rhythmology,2017-10-20 12:52:57,Nice pic!,,
594,Banf0vJB2jO,17880333754133284,sierraaaeva,2017-10-24 04:50:45,ğŸ‘­ğŸ‘­ğŸ‘­ğŸ‘­ğŸ‘­,,
595,Bao5J-fBDyB,17880736252135603,__esmeraldaa24,2017-10-26 18:48:39,@steph_gg ğŸ˜‚ğŸ˜‚ğŸ˜‚ğŸ˜‚ I can't!!,,steph_gg 
596,Bao5J-fBDyB,17888622610213329,stefffff_84,2018-05-27 20:15:37,@betsybabern0309 ğŸ’ƒğŸ¤£ğŸ˜‚,,betsybabern0309 
597,Bao5J-fBDyB,17950177105018158,betsybabern0309,2018-05-28 00:05:51,@stefffff_84 every time lol,,stefffff_84 
598,BayJEpnBjd5,17878403941165740,its_dominic_miller,2017-11-01 00:43:51,@monaalvarez0,,monaalvarez0 
599,BayJEpnBjd5,17880512374187754,monaalvarez0,2017-11-01 01:07:56,Yessss @its_dominic_miller,,its_dominic_miller 
600,Ba44Oh9BBpw,17905542964044786,nightlifephotographer123,2017-11-01 06:26:32,Awesome!,,
601,BbAT26wB1Zz,17907132826049233,iam_richyrich,2017-11-11 00:42:14,@brrooklyn___ ğŸ˜©ğŸ”¥,,brrooklyn___ 
602,BbAT26wB1Zz,17882264194184576,brrooklyn___,2017-11-11 00:43:26,We were sooo poppin! Best hef &amp; playmate #nailedit @iam_richyrich,nailedit ,iam_richyrich 
603,BbIMpcvBnrq,17908093486011787,ssjennss,2017-11-05 21:58:06,ğŸ˜‚ğŸ˜‚ğŸ˜‚,,
604,BbIMpcvBnrq,17892247663124588,lilysirenguyen,2017-11-05 22:31:40,This is too good lol @ssjennss @sf_shopaholic,,ssjennss sf_shopaholic 
605,BbIMpcvBnrq,17848236352214857,_djchango_,2017-11-10 23:05:57,gonna be LITğŸ”¥ğŸ”¥ğŸ”¥,,
606,BbK8dZPBC68,17892845032124039,ssjennss,2017-11-06 23:24:13,ğŸ˜‚ğŸ˜‚ğŸ˜‚ğŸ˜‚,,
607,BbK8dZPBC68,17847632680214093,prosellag,2017-11-07 07:06:09,@c_segovia,,c_segovia 
608,BbK8dZPBC68,17906898142047364,akridbeast,2017-11-07 23:56:30,@_selfmotivated96,,_selfmotivated96 
609,BbK8dZPBC68,17906633560029371,_selfmotivated96,2017-11-07 23:58:00,ğŸ™‹ğŸ¼ğŸ˜‚ğŸ˜‚ğŸ˜‚ @akridbeast,,akridbeast 
610,BbnD5LOhgYn,17908584589053020,chuygomez,2017-11-17 21:14:13,#ThatsHowYouDoItChuy,ThatsHowYouDoItChuy ,
611,Bb71mCNhfbF,17883126124192707,lilflipper702,2017-11-25 22:29:18,Yo check me out!! I got some dope music on my SoundCloud I'm sure you'll fw  https://soundcloud.com/lilflipper702,,https://soundcloud.com/lilflipper702 
612,BcLdrKHBUpk,17886228901184483,angelicarosalia,2017-12-02 02:53:01,ğŸ”¥ğŸ”¥ğŸ”¥,,
613,BcVvXJnBRku,17885945776154428,vip.vegas,2017-12-06 00:02:06,Nice!,,
614,BcVvXJnBRku,17886349414193092,poselskibrothers,2017-12-06 20:25:13,ğŸ‰ ğŸŠ,,
615,BcVvXJnBRku,17907177802064190,djscmusic,2017-12-07 00:12:51,Word!,,
616,BcabnUEBPkf,17855249275207687,pannnnnnaaaaaa,2017-12-07 19:47:24,@fito_305 look my nigga,,fito_305 
617,BcabnUEBPkf,17910650566035990,julianontheradio,2017-12-07 20:47:21,ğŸ™ƒğŸ™ƒğŸ™ƒ,,
618,Bcs-LloBoDm,17950279030046506,tgaarciaa,2018-06-05 03:07:45,@skittless_510 Iâ€™m expecting you to get me something like this ğŸ¥‚ğŸ˜‚,,skittless_510 
619,Bc8GHuEhxm3,17869232458259313,thewhitediamond_fans_colombia,2018-07-15 01:36:14,ğŸ”¥ğŸ”¥ğŸ”¥,,
620,Bc8XWRRnZc_,17854147963223023,jlsg209,2017-12-21 01:05:11,Is this an all Asian club?,,
621,Bc8XWRRnZc_,17887484680145230,cottoncandycoral,2017-12-21 03:48:48,@jlsg209 lmao no itâ€™s cause we had that one DJ for that night itâ€™s usually mix,,jlsg209 
622,BdT2xTaBj2O,17915846968028994,mustachetom,2017-12-30 03:17:30,@kortilla1 lol I recall my convo before this photo â€œI donâ€™t know what to do with my handsâ€ lol,,kortilla1 
623,BdT2xTaBj2O,17842761847227079,kortilla1,2017-12-30 03:38:24,@mustachetom lol!! Well this was take 2?3? Then u were like ah forget it. Awkward hand photo ğŸ˜‚,,mustachetom 
624,BdlPfGZBNm-,17857703932210458,clubfix,2018-01-06 11:12:16,ğŸ‘ğŸ‘Œ,,
625,BdlPfGZBNm-,17916925375004011,alcantartogreatness,2018-01-08 22:12:04,Letâ€™s connect  DM me.,,DM 
626,BdlPfGZBNm-,17904722404102897,crystal._ruby,2018-01-10 20:47:07,@jmmuro  @dillonpatel17  us frisay,,jmmuro @dillonpatel17 us 
627,BdlPfGZBNm-,17893573942131941,bojanvangelovski,2018-01-13 21:39:31,Coming to Vegas sign up at www.vegaslive2night.com !!!,,
628,BdmI8dshI_4,17843592787240396,studiomtn,2018-01-06 09:21:04,ğŸ§,,
629,Bdyq4TbBrSp,17889461725162425,carlinagamez,2018-01-11 16:53:24,@thegrandnightclub what kind of music do yâ€™all play on Saturday nights?,,thegrandnightclub 
630,Bdyq4TbBrSp,17918199538042481,carlinagamez,2018-01-11 16:54:48,@thegrandnightclub is Latin music only on Fridayâ€™s?,,thegrandnightclub 
631,Bdyq4TbBrSp,17892115495145167,thegrandnightclub,2018-01-11 19:21:50,@carlinagamez depends on the night. We play mainly top 40 &amp; hip hop. Fridays is reserved for our Latino Fridays,,carlinagamez 
632,BdytJv3h3fx,17877885067194253,fuenteselmutante,2018-01-11 02:33:11,ğŸ˜‚ğŸ˜‚,,
633,BdytJv3h3fx,17891996953151829,kristine_sf_,2018-01-11 03:59:37,ğŸ¤£ğŸ¤£ğŸ¤£,,
634,BdytJv3h3fx,17844425047239890,1smartpearl,2018-01-11 04:00:42,Lmao that old dude with the cains.,,
635,BdytJv3h3fx,17909379328073250,nessicullen,2018-01-11 06:58:47,@josh___sampayo,,josh___sampayo 
636,BdytJv3h3fx,17859726094206641,rachelhoooooo,2018-01-12 14:50:57,@pradorosa ğŸ¤£,,pradorosa 
637,BdytJv3h3fx,17924155042056309,_yomz_,2018-02-04 04:40:29,@whittie_jay,,whittie_jay 
638,BdytJv3h3fx,17904636817095992,whittie_jay,2018-02-04 04:47:15,@_yomz_ lol he gettin it!,,_yomz_ 
639,BdytJv3h3fx,17922773014135676,glockdaddy559,2018-05-28 16:25:24,@smalltowncalipodcast,,smalltowncalipodcast 
640,Bd0jO4uBFyl,17859639931210277,esco3185,2018-01-17 18:10:54,@the.esco,,the.esco 
641,BeWEuSMBDbB,17920453930063625,djcourtneymills,2018-01-24 22:17:54,ğŸ˜„,,
642,BeYqRMJhhfM,17907188740113624,sharethatmusic,2018-01-27 02:23:17,#WeloFama anuncia colaboraciones con #BabyRasta y #Cosculluela para su Ã¡lbum,WeloFama BabyRasta Cosculluela ,
643,BeYqRMJhhfM,17935070908087509,durso_official,2018-06-25 14:18:33,Dope!,,
644,BeqyZ7oh4ea,17895621949180439,skywalker.saopaulo,2018-02-02 18:35:57,ğŸŒ´ğŸ’¯ğŸ”¥ğŸ”¥,,
645,BewG7ddB1Fo,17896311937178066,mama.sami,2018-02-03 22:45:28,Yay! Iâ€™ll be there ğŸ§¡,,
646,BewG7ddB1Fo,17922801937011753,babyguurloriana,2018-02-03 23:12:07,@mama.sami I knew I recognized the one in the middle! Lol itâ€™s OrianağŸ˜,,mama.sami 
647,BewG7ddB1Fo,17923415707007857,mama.sami,2018-02-03 23:13:13,@babyguurloriana lol! Small world. Come out soon babe ğŸ˜˜,,babyguurloriana 
648,BewG7ddB1Fo,17896772287189716,babyguurloriana,2018-02-03 23:20:06,@mama.sami I started following Grand recently lol okay I will!,,mama.sami 
649,Be32tyPhZ2U,17910327460110897,gigiothefruitbat,2018-02-06 23:06:10,So excited to celebrate my bachelorette party there on Friday!!! Wooohoo @persephone525 @ahhhmanduh @leonoir23 @miss.lippy_2 @jennibebe @eskarlett,,persephone525 ahhhmanduh leonoir23 miss.lippy_2 jennibebe eskarlett 
650,Be32tyPhZ2U,17910264835104893,gigiothefruitbat,2018-02-06 23:10:38,So excited to celebrate my bachelorette party there on Friday!!! Wooohoo @persephone525 @ahhhmanduh @leonoir23 @miss.lippy_2 @jennibebe @eskarlett,,persephone525 ahhhmanduh leonoir23 miss.lippy_2 jennibebe eskarlett 
651,Be32tyPhZ2U,17892074509170690,reesetasini22,2018-02-07 00:08:03,@darize193,,darize193 
652,Be32tyPhZ2U,17930018203028992,4amnyc,2018-03-18 22:57:29,ğŸ˜ğŸ˜ğŸ˜,,
653,Be_s6MVh4ca,17900975194139957,trapgucciofficial,2018-02-16 20:10:52,Sigan a @welofama #ElMilloneta ğŸ”œ #TrapGucci,ElMilloneta TrapGucci ,welofama 
654,Be_s6MVh4ca,17869935886213671,latwinodad,2018-03-10 05:59:46,Thanks for sharing!,,
655,BfJ5mVZhppw,17924372038042828,chelseaptat2017,2018-02-14 02:14:02,@melanadeee @mrs.beith possible bachelorette idea???,,melanadeee mrs.beith 
656,BfJ5mVZhppw,17924393386053837,mrs.beith,2018-02-15 22:22:58,@chelseaptat2017 this looks like a good package! Would be nice to get the one for minimum of 10 people ğŸ˜Š,,chelseaptat2017 
657,BfJ5mVZhppw,17868848965213063,gigiothefruitbat,2018-03-07 15:23:39,So they can ruin your reservation and put you in the corner of the club! Terrible night.,,
658,BfO0lO6BjT0,17899509823135627,cuzoh,2018-02-15 21:02:28,ğŸ’°ğŸ’°,,
659,BfO0lO6BjT0,17907339574092642,lv_musicaoficial,2018-02-16 01:09:33,"Check out my new song link in bio ""Solita"" escuche mi nueva cancion ğŸ™",,
660,BfO0lO6BjT0,17900587216188207,marijoset30,2018-02-16 01:59:33,@rg_0810,,rg_0810 
661,BfO0lO6BjT0,17911551508098685,vbucher,2018-02-16 05:58:30,@ariasrinivasan,,ariasrinivasan 
662,BfO0lO6BjT0,17896559908165361,ariasrinivasan,2018-02-16 06:02:20,@vbucher oooo yess ğŸ‡©ğŸ‡´,,vbucher 
663,BfO0lO6BjT0,17900957446136573,ariasrinivasan,2018-02-16 06:03:39,@vbucher this is also like two seconds from my house!,,vbucher 
664,BfO0lO6BjT0,17907294436080851,vbucher,2018-02-16 15:38:54,@_valencia_7,,_valencia_7 
665,BfO0lO6BjT0,17850765979241303,_loveeleerose,2018-02-16 19:45:12,@jaqui_r_,,jaqui_r_ 
666,BfO0lO6BjT0,17907368857082473,beaautifulbee,2018-02-16 20:40:17,@jaaaayyyyy____ ğŸ’ƒğŸ¼ğŸ’ƒğŸ¼,,jaaaayyyyy____ 
667,BfO0lO6BjT0,17928277405035829,bigoso87,2018-02-27 17:43:22,@valenzuela_finest,,valenzuela_finest 
668,BfO0lO6BjT0,17866909768216944,valenzuela_finest,2018-02-27 18:26:04,@daboiboi_preem @thekidmartinezifbbpro @javismashbromartinez @markxdapps @diaz51 @_cc1993 @lolita_vazquez  we got to hit this spot ğŸ˜ğŸ˜,,daboiboi_preem thekidmartinezifbbpro javismashbromartinez markxdapps diaz51 _cc1993 lolita_vazquez we 
669,BfO0lO6BjT0,17913904891105806,thekidmartinezifbbpro,2018-02-27 18:30:24,@valenzuela_finest letâ€™s go,,valenzuela_finest 
670,BfO0lO6BjT0,17925530923065015,lolita_vazquez,2018-02-27 19:21:13,@valenzuela_finest I'm down ğŸ‘ğŸ¼ğŸ‘ğŸ¼ğŸ™‹â€â™€ï¸,,valenzuela_finest 
671,BfO0lO6BjT0,17910113929094013,_otilia_23,2018-02-27 19:21:23,@lovelyesbeydi,,lovelyesbeydi 
672,BfO0lO6BjT0,17900467345155139,jojolx,2018-03-03 22:27:01,@brembaby,,brembaby 
673,BfO0lO6BjT0,17922325411066303,jojolx,2018-03-03 22:27:04,@brembaby,,brembaby 
674,BfRfuTJBgJW,17924952334008463,miguelkultura,2018-02-17 06:43:03,Damn missed out!,,
675,BfRfuTJBgJW,17896717888211233,beloved_songstress,2018-07-03 23:32:59,@famousroyaltyyy,,famousroyaltyyy 
676,Bfy91q5Btsl,17868344650208690,el_super_mario7,2018-03-02 04:21:19,ğŸ‘ŒğŸ‘ŒğŸ‘ŒğŸ‘ŒğŸ‘ŒğŸ‘ŒğŸ‘ŒğŸ‘Œ,,
677,Bfy91q5Btsl,17922150037069256,missevefit,2018-03-02 09:31:20,What days are the Pisces bash 2/24 pictures going up,,
678,Bfy91q5Btsl,17923667338071326,thegrandnightclub,2018-03-02 19:30:43,@missevefit check our website soon. They will be up by next week.,,missevefit 
679,Bf4NWPBBUNV,17911225477094015,josecanohadraham_,2018-03-09 05:11:25,@ingridchiquillo,,ingridchiquillo 
680,BgCl_BeH9gH,17930617144036340,ce_lenababy,2018-03-08 15:56:29,@melissa___916,,melissa___916 
681,BgCl_BeH9gH,17931251821010454,josecanohadraham_,2018-03-08 23:37:04,@diana.rodriguez882 this Friday,,diana.rodriguez882 
682,BgCl_BeH9gH,17846720017269614,oscarjimenez__,2018-05-19 01:02:09,@alexqqqlll,,alexqqqlll 
683,BgFPV_Yn-NV,17918199343101317,callmejuicybaby,2018-03-11 08:09:02,Just missing some melanin!,,
684,BgKwhx7HGYY,17912753329083645,elchat83,2018-03-12 02:11:24,@veeh0420 - this is where chuy Gomez is hosting Selena night next month Saturday  April 14,,veeh0420 April 
685,BgKwhx7HGYY,17869328464217393,elchat83,2018-03-12 02:12:26,@veeh0420 - if you guys want to go together,,veeh0420 
686,BgzO1-xh2EZ,17935420900013565,amazingandrej,2018-03-26 23:45:21,@shanzayhayat ğŸ¾ğŸ’ƒğŸ»,,shanzayhayat 
687,Bg4iGMqhOW5,17936169841043174,_manthaaa90,2018-03-30 01:12:15,@glisten_in,,glisten_in 
688,Bg9xwIahm_R,17869031767232873,iambaselinep,2018-04-30 23:46:31,ğŸ”¥ğŸ”¥ğŸ”¥,,
689,Bg_3D1DhmCi,17916244393081211,sierraaaeva,2018-03-31 18:57:13,ğŸ”¥,,
690,Bg_3D1DhmCi,17935149406016567,cee_jay5,2018-03-31 19:21:18,@georgejbeats this is where Iâ€™m going to take you if you come up here for ur birthday,,georgejbeats 
691,Bg_3D1DhmCi,17906767525145532,thegrandnightclub,2018-03-31 19:22:07,@cee_jay5 we offer birthday packages ğŸ™‚ text or call us to make a reservation,,cee_jay5 
692,Bg_3D1DhmCi,17857077931245076,princebrayden,2018-03-31 19:55:35,@thegrandnightclub what's the #,,thegrandnightclub 
693,Bg_3D1DhmCi,17933679955043959,thegrandnightclub,2018-03-31 19:57:14,@princebrayden 415-636-0029,,princebrayden 
694,Bg_3D1DhmCi,17916221965092352,georgejbeats,2018-04-01 04:40:42,@cee_jay5 did we miss Frankie j?,,cee_jay5 
695,Bg_3D1DhmCi,17902518115168627,cee_jay5,2018-04-01 04:41:09,@georgejbeats yeah it was yesterday,,georgejbeats 
696,Bg_3D1DhmCi,17905145983167821,georgejbeats,2018-04-01 04:41:33,@cee_jay5 balls!,,cee_jay5 
697,Bg_3D1DhmCi,17922048322139171,queenlupe,2018-05-20 16:35:36,@lichita_b,,lichita_b 
698,Bg_3D1DhmCi,17873471155237970,lichita_b,2018-05-20 19:23:32,@queenlupe whatâ€™s this?,,queenlupe 
699,BhKKhtBhveZ,17846615365247540,itsdjacme,2018-04-04 18:43:21,ğŸ¶ğŸ¶ğŸ¶ pa pa .. ready for another fun Friday !!!!,,
700,BhKKhtBhveZ,17862571840239406,_karinuuh,2018-04-04 19:02:35,@eerriikkaa55,,eerriikkaa55 
701,BhKKhtBhveZ,17863949356230914,eerriikkaa55,2018-04-04 19:05:22,Bottle service? ğŸ¤”ğŸ˜‚,,
702,BhKKhtBhveZ,17935597090009266,thegrandnightclub,2018-04-04 19:10:49,@eerriikkaa55 call or text 415-636/0029,,eerriikkaa55 
703,BhM0bSXhvwW,17937800713011441,nan2elmaestro_official,2018-04-08 11:59:33,ğŸ‘ŒğŸ‘Œ,,
704,BhM0bSXhvwW,17917990315189040,kingmoi510,2018-05-12 02:38:45,@miizzbella503 this the one we trying to go,,miizzbella503 
705,BhM0bSXhvwW,17918666332191772,miizzbella503,2018-05-12 03:20:46,@kingmoi510 yaaasss Iâ€™m so down for this!!!!,,kingmoi510 
706,BhM0bSXhvwW,17949275683042280,roropeza1,2018-05-30 02:03:04,@anabananerzz5  @miss___chrissy Friday ğŸ˜,,anabananerzz5 @miss___chrissy 
707,BhNSyn8BLhE,17864244889231495,cottoncandycoral,2018-04-05 23:52:03,Aww,,
708,BhNSyn8BLhE,17910192490134551,rockerquinn,2018-04-06 00:34:29,Had a great time!! Thx for all!!,,
709,BhNSyn8BLhE,17920033522125572,chuygomez,2018-04-06 01:05:21,@therealfrankiej,,therealfrankiej 
710,BhNSyn8BLhE,17861689105242803,miguelgomezlive,2018-04-06 05:35:15,Keep up the good content!!ğŸ™ŒğŸ‘,,
711,BhkB82Ih2VX,17847056572259219,ssjennss,2018-04-14 19:44:19,ğŸ˜‚ğŸ˜‚ğŸ˜‚,,
712,BhkB82Ih2VX,17939826712032495,misterblackmpls,2018-04-14 20:09:24,ğŸ˜ˆ,,
713,Bhw34uABDIr,17911355746149660,mayamorsi,2018-04-20 00:43:23,ğŸ’•,,
714,Bhw34uABDIr,17914203358181224,yabloko.studio,2018-05-03 11:28:31,ğŸ‘ğŸ‘âœ¨âœ¨ğŸ‘ğŸ‘ğŸ‘ğŸ‘ğŸ‘ğŸƒğŸƒâ˜˜ğŸ‘ğŸ‘âœ¨âœ¨ğŸ‘ğŸ‘ğŸ‘ğŸ‘ğŸ‘ğŸƒğŸƒâ˜˜,,
715,Bh-atkrB-QS,17913476356150840,chuygomez,2018-04-25 01:57:58,@beca_bell,,beca_bell 
716,BiAzoAYBM_E,17928692098086572,chefdharmon,2018-05-27 20:04:59,ğŸ‘,,
717,BiC1GMEDOkX,17921899714090980,bstreetstation,2018-04-26 21:11:23,@cottoncandycoral ğŸ’•,,cottoncandycoral 
718,BiC1GMEDOkX,17864006248245794,aimaggie.924,2018-04-27 06:56:53,ğŸ‘1âƒ£ ï»¿,,
719,BiGD2argAX3,17941929634025974,harpersinbox,2018-04-28 00:56:22,Join us ğŸŒ¸ğŸŒºğŸ¦‹,,
720,BiGD2argAX3,17925595756123886,puertoricanent,2018-04-28 01:48:07,your snapshot is really excellent.,,
721,BiSqDFrgyNt,17942520742022067,evvie_everlasting,2018-05-02 22:35:05,ğŸ˜ğŸ˜ğŸ˜,,
722,BinG9RrH43b,17911500349172570,itsdjacme,2018-05-10 21:20:55,ğŸ”¥ğŸ”¥ğŸ”¥,,
820,87DwyEmbc5,17844316624018645,teepdasneak,2015-10-16 19:59:17,@andeeeex0,,andeeeex0 
821,87DwyEmbc5,17844316669018645,andeeeex0,2015-10-16 20:01:56,OMG!! That's us @dsolarski @shayleeseaton @paigeosborn.hair  @sarawwww @kaytrachelle @hayleyobryan @allyjenkins_xo ğŸ˜ğŸ˜ğŸ˜,,dsolarski shayleeseaton paigeosborn.hair @sarawwww kaytrachelle hayleyobryan allyjenkins_xo 
822,BFs8p3MGbXO,17847805570123221,deejayflo_b,2016-05-22 23:30:41,ğŸ‘Œ ğŸ‘Œ ğŸ‘Œ ğŸ”¥,,
