,SHORTCODE,CLUB,ERROR
0,BAvrpgOK0P2,templeSF,<class 'KeyError'>
1,BVcsg2vDigm,wetrepublic,<class 'KeyError'>
2,BFGmDPeHdJ9,rudas,<class 'KeyError'>
3,-4g8KDq0L5,templeSF,<class 'KeyError'>
4,BKQuMU6gEUc,rudas,<class 'KeyError'>
5,qF_FzjgaWC,wetrepublic,<class 'KeyError'>
6,BDBJ_XrndI0,rudas,<class 'KeyError'>
7,sTPMTOgaUl,wetrepublic,<class 'KeyError'>
8,Bc28GfAHSub,templeSF,<class 'KeyError'>
9,BMNrs2XDyj4,prsymCH,<class 'KeyError'>
10,BLrTye9j85P,prsymCH,<class 'KeyError'>
11,lLLWDYgacu,wetrepublic,<class 'KeyError'>
12,BGQeK71q0JV,templeSF,<class 'KeyError'>
13,BbIMpcvBnrq,grandSF,<class 'KeyError'>
14,BYRpc_qFHhS,prsymCH,<class 'KeyError'>
15,BfBw7kZHc2O,templeSF,<class 'KeyError'>
16,BVkwEMNlbXi,prsymCH,<class 'KeyError'>
17,qSOr6GAaR1,wetrepublic,<class 'KeyError'>
18,BiFJFKYhVuY,grandBoston,<class 'json.decoder.JSONDecodeError'>
19,BSpT_JYg41D,grandSF,<class 'KeyError'>
20,BgUPuWQje91,wetrepublic,<class 'KeyError'>
21,XFlGZOgaUm,wetrepublic,<class 'KeyError'>
22,8y5tTTAaeP,wetrepublic,<class 'KeyError'>
23,42dEYJK0HT,templeSF,<class 'KeyError'>
24,Bb8STbHHpS1,templeSF,<class 'KeyError'>
25,BUIzT5TgIb6,templeSF,<class 'KeyError'>
26,BFGmsqTHdLY,rudas,<class 'KeyError'>
27,3AeaTBq0Bi,templeSF,<class 'KeyError'>
28,BRbNTMqlt5Q,prsymCH,<class 'KeyError'>
29,Bdk8cxZjqG7,wetrepublic,<class 'KeyError'>
30,BV8EtJwlDVq,prsymCH,<class 'KeyError'>
31,BhPi6xJn0U6,templeSF,<class 'KeyError'>
32,BElq0D_ndMh,rudas,<class 'KeyError'>
33,BUHpOfElgSL,prsymCH,<class 'KeyError'>
34,BJBUM46BJnT,cavesduroyST,<class 'KeyError'>
35,BVU30dklsTZ,prsymCH,<class 'KeyError'>
36,kvABh1AaVO,wetrepublic,<class 'json.decoder.JSONDecodeError'>
37,BZhYXoSBTZm,grandSF,<class 'KeyError'>
38,BQOYiJyhqZj,wetrepublic,<class 'KeyError'>
39,BY1N_SmHZ80,templeSF,<class 'KeyError'>
40,BYtWSuHDB4h,wetrepublic,<class 'requests.exceptions.SSLError'>
41,BKi5vP-BAUf,wetrepublic,<class 'KeyError'>
42,Bi0SFFHHyaL,prsymCH,<class 'KeyError'>
43,BJlsDeID5ja,prsymCH,<class 'KeyError'>
44,BRysY3Xgu25,grandSF,<class 'KeyError'>
45,2W0zfAgaWz,wetrepublic,<class 'KeyError'>
46,TgypVNgaRi,wetrepublic,<class 'KeyError'>
47,BftxQewjJ2a,wetrepublic,<class 'KeyError'>
48,uYthBkgaWT,wetrepublic,<class 'KeyError'>
49,BUhmGmPgkKq,grandSF,<class 'KeyError'>
50,BVNW8MzHv9J,cavesduroyST,<class 'KeyError'>
51,BWLfmJ9H1-d,cavesduroyST,<class 'KeyError'>
52,BFJmac7HdDm,rudas,<class 'KeyError'>
53,BJGhfVUAUcE,templeSF,<class 'KeyError'>
54,BKbyje5DJB8,prsymCH,<class 'KeyError'>
55,dfroMJgaQQ,wetrepublic,<class 'KeyError'>
56,9UqEY-GbVr,grandSF,<class 'KeyError'>
57,BhehngpBmbn,grandBoston,<class 'json.decoder.JSONDecodeError'>
58,BVvPiAqHogf,cavesduroyST,<class 'KeyError'>
59,BVNNWRnAXTf,templeSF,<class 'KeyError'>
60,QFxqTVgaT9,wetrepublic,<class 'KeyError'>
61,BW_ca_VAm0P,grandSF,<class 'requests.exceptions.SSLError'>
62,BVqfKX5F9Ci,templeSF,<class 'KeyError'>
63,BBq8xkgK0F2,templeSF,<class 'KeyError'>
64,BYGscB8DOe2,wetrepublic,<class 'KeyError'>
65,BNpiQmKjOHP,prsymCH,<class 'KeyError'>
66,BdifKAkj1vy,oxfordsc_sd,<class 'KeyError'>
67,BH6eYdrAoA6,rudas,<class 'KeyError'>
68,BGNHDqdNhFD,prsymCH,<class 'KeyError'>
69,BX1HC4Onx8-,cavesduroyST,<class 'KeyError'>
70,BHX0wSaAtpb,templeSF,<class 'KeyError'>
71,BHfjQa9gJB7,rudas,<class 'KeyError'>
72,BDAnA20ndLq,rudas,<class 'KeyError'>
73,lfcdocgaSv,wetrepublic,<class 'KeyError'>
74,BhSLe7qB9Ai,grandSF,<class 'KeyError'>
75,BikoaIGglxx,grandSF,<class 'json.decoder.JSONDecodeError'>
76,BLs7XjqAp9m,rudas,<class 'KeyError'>
77,BFY9DNvHdAW,rudas,<class 'KeyError'>
78,BQ8hWnRDg-i,templeSF,<class 'KeyError'>
79,njPrSQAaUw,wetrepublic,<class 'KeyError'>
80,BH28A-WgfTM,rudas,<class 'KeyError'>
81,quH-uZgaV2,wetrepublic,<class 'KeyError'>
82,Bd0mEsvl_Ls,grandBoston,<class 'KeyError'>
83,BFwigY3Aac4,wetrepublic,<class 'KeyError'>
84,cIGYyzAaf8,wetrepublic,<class 'KeyError'>
85,BVaAbLyl3ft,prsymCH,<class 'KeyError'>
86,_IWZQcq0BQ,templeSF,<class 'KeyError'>
87,BXi_SpynSQs,cavesduroyST,<class 'KeyError'>
88,BIX9KAeg96v,rudas,<class 'KeyError'>
89,BMRhEuXgkox,rudas,<class 'KeyError'>
90,BGAD7WgHdNX,rudas,<class 'KeyError'>
91,-FRW1VK0Gv,templeSF,<class 'KeyError'>
92,BYOqF10FArk,prsymCH,<class 'KeyError'>
93,BHyqKu-gRQS,rudas,<class 'KeyError'>
94,Bdm-yeph7pX,rudas,<class 'json.decoder.JSONDecodeError'>
95,2gy17fgaXx,wetrepublic,<class 'KeyError'>
96,BFmkjw3mbfI,grandSF,<class 'KeyError'>
97,BOQTE6YjfmY,prsymCH,<class 'KeyError'>
98,BIs10Pggx8m,grandSF,<class 'KeyError'>
99,BTfYpTyFbGQ,prsymCH,<class 'KeyError'>
100,BTLVJ8_FL1V,prsymCH,<class 'KeyError'>
101,BZFO14DlvEF,prsymCH,<class 'KeyError'>
102,Bhjv7btD3Gu,wetrepublic,<class 'KeyError'>
103,BelUNsAndqc,wetrepublic,<class 'requests.exceptions.ChunkedEncodingError'>
104,a1xwAWAaTZ,wetrepublic,<class 'KeyError'>
105,BI5uHggAJ3V,templeSF,<class 'KeyError'>
106,BXOTuwLjt57,wetrepublic,<class 'KeyError'>
107,BSxMpk7gGb5,templeSF,<class 'KeyError'>
108,BHtMuvVgXH_,templeSF,<class 'KeyError'>
109,n1ZiwbgaVW,wetrepublic,<class 'KeyError'>
110,BTCiG2uDeEu,wetrepublic,<class 'KeyError'>
111,BHPvzMtBQYJ,wetrepublic,<class 'KeyError'>
112,8tIgFbAaa5,wetrepublic,<class 'KeyError'>
113,raOF9uAaSr,wetrepublic,<class 'KeyError'>
114,rnCmL0gafF,wetrepublic,<class 'KeyError'>
115,_DG0_Bq0Cn,templeSF,<class 'KeyError'>
116,BAUm0o0BNAF,cavesduroyST,<class 'KeyError'>
117,BHNS6ryADou,rudas,<class 'KeyError'>
118,BOAdWxwDRRQ,prsymCH,<class 'KeyError'>
119,BRgbureldgc,prsymCH,<class 'KeyError'>
120,BI0m17SAiZB,rudas,<class 'KeyError'>
121,BSUbycXlAgI,prsymCH,<class 'KeyError'>
122,3Nq_PWgaWq,wetrepublic,<class 'KeyError'>
123,BF6yrh3Aae5,wetrepublic,<class 'KeyError'>
124,BGADlJjHdMS,rudas,<class 'KeyError'>
125,pRb59FAadF,wetrepublic,<class 'KeyError'>
126,6N1qjpgaRz,wetrepublic,<class 'KeyError'>
127,1JC843gaZO,wetrepublic,<class 'KeyError'>
128,BUKWO1Vl8iA,prsymCH,<class 'KeyError'>
129,Bdyq4TbBrSp,grandSF,<class 'KeyError'>
130,BHm-cqTgdst,rudas,<class 'KeyError'>
131,0wGeItq0A7,templeSF,<class 'KeyError'>
132,BfTzc_jHzV_,templeSF,<class 'KeyError'>
133,BWGxGOhle_u,prsymCH,<class 'KeyError'>
134,LHy5R0AaZp,wetrepublic,<class 'KeyError'>
135,xkus4tAad4,wetrepublic,<class 'KeyError'>
136,BVYdInCgS_a,grandSF,<class 'KeyError'>
137,BfjZNnvFNzJ,grandBoston,<class 'KeyError'>
138,BVS0wQRjDHZ,wetrepublic,<class 'KeyError'>
139,BPYT-pIAtx9,grandSF,<class 'KeyError'>
140,BVdI__DFm_k,prsymCH,<class 'KeyError'>
141,rGE4F9AaWf,wetrepublic,<class 'KeyError'>
142,BIlCQX4hd1-,cavesduroyST,<class 'KeyError'>
143,BX3sWLxFJ72,prsymCH,<class 'KeyError'>
144,bcNaaJAaeW,wetrepublic,<class 'KeyError'>
145,nYemUCgaRS,wetrepublic,<class 'KeyError'>
146,BFBu2IvHdJ4,rudas,<class 'KeyError'>
147,BK7-qH6BPGN,cavesduroyST,<class 'KeyError'>
148,BWOnGcslVAT,templeSF,<class 'KeyError'>
149,BPzH-rDDbBA,prsymCH,<class 'KeyError'>
150,BfWSflIH6WD,cavesduroyST,<class 'KeyError'>
151,z0s_ZMgab9,wetrepublic,<class 'KeyError'>
152,BP8Gh0nD9Fy,templeSF,<class 'KeyError'>
153,bw9ArRAaSf,wetrepublic,<class 'KeyError'>
154,BZWhiL-lWcI,prsymCH,<class 'KeyError'>
155,BOyQpNxjxxq,templeSF,<class 'KeyError'>
156,BiKZwKTAE4I,cavesduroyST,<class 'KeyError'>
157,BXf6rueFJTR,prsymCH,<class 'KeyError'>
158,kr6eJ8mbRi,grandSF,<class 'KeyError'>
159,9epQHjq0GE,templeSF,<class 'KeyError'>
160,BYjRWDZnQcO,cavesduroyST,<class 'KeyError'>
161,BQ_T5gMBY8U,cavesduroyST,<class 'KeyError'>
162,4KJpn7gadH,wetrepublic,<class 'KeyError'>
163,BWawITAl2DD,templeSF,<class 'KeyError'>
164,BUcItrrhS4I,rudas,<class 'KeyError'>
165,Bc-nI-pnyP9,templeSF,<class 'KeyError'>
166,BAfEO0fgaWp,wetrepublic,<class 'KeyError'>
167,BHpgbBrBNwM,wetrepublic,<class 'KeyError'>
168,BT-Jt6hFigo,prsymCH,<class 'KeyError'>
169,BQ3be2cBuNv,cavesduroyST,<class 'KeyError'>
170,5nQBS5q0Kc,templeSF,<class 'KeyError'>
171,BWn9PPNH_5K,cavesduroyST,<class 'KeyError'>
172,BKv06DFBOkA,wetrepublic,<class 'KeyError'>
173,BZB6HWQlTr4,prsymCH,<class 'KeyError'>
174,BXGehZrAv2S,oxfordsc_sd,<class 'KeyError'>
175,sNt_TCAabT,wetrepublic,<class 'KeyError'>
176,BDSr1QundJQ,rudas,<class 'KeyError'>
177,BQn9aDsgrvE,grandSF,<class 'KeyError'>
178,BIvClGchakB,wetrepublic,<class 'KeyError'>
179,KiO3oYgaeY,wetrepublic,<class 'KeyError'>
180,pNIrTrgaQB,wetrepublic,<class 'KeyError'>
181,BInrduqAGMy,rudas,<class 'KeyError'>
182,BC_RPr6HdO1,rudas,<class 'KeyError'>
183,BTo848JByV8,cavesduroyST,<class 'KeyError'>
184,58Rsw4q0D6,templeSF,<class 'KeyError'>
185,BDmEuzCq0I0,templeSF,<class 'KeyError'>
186,yIWkpygaej,wetrepublic,<class 'KeyError'>
187,BhMpnCcF5De,prsymCH,<class 'json.decoder.JSONDecodeError'>
188,vEpSgpAaVS,wetrepublic,<class 'KeyError'>
189,q-JzGegadH,wetrepublic,<class 'KeyError'>
190,BEiwvmyndG3,rudas,<class 'KeyError'>
191,Bb40qG0FYH1,prsymCH,<class 'KeyError'>
192,BFBtyLHndHV,rudas,<class 'KeyError'>
193,Yn-J2vgaUe,wetrepublic,<class 'KeyError'>
194,Bhr5O7yhbdm,grandBoston,<class 'json.decoder.JSONDecodeError'>
195,BV-1nOVlbCV,prsymCH,<class 'KeyError'>
196,BZEc_apDXMb,wetrepublic,<class 'KeyError'>
197,BPVOJiLgzQt,rudas,<class 'KeyError'>
198,BY-ASzknIG9,templeSF,<class 'KeyError'>
199,BPsqXrlh_-5,wetrepublic,<class 'KeyError'>
200,BCcBNAvq0Eo,templeSF,<class 'KeyError'>
201,BJzxKgMglTy,rudas,<class 'KeyError'>
202,BMax-kgDPBK,prsymCH,<class 'KeyError'>
203,BRWnlJfBazQ,cavesduroyST,<class 'KeyError'>
204,8wYQcUq0N6,templeSF,<class 'KeyError'>
205,BTPLGdvgQcW,templeSF,<class 'KeyError'>
206,BE9UQu4Aaa4,wetrepublic,<class 'KeyError'>
207,BRWQ8qDFdYb,prsymCH,<class 'KeyError'>
208,1jb8SFAaQR,wetrepublic,<class 'KeyError'>
209,BUXETohFAOh,prsymCH,<class 'KeyError'>
210,BMcQG0xB9rl,cavesduroyST,<class 'KeyError'>
211,m1LVdlAac2,wetrepublic,<class 'KeyError'>
212,BKn-qRADOCy,prsymCH,<class 'KeyError'>
213,BSmMQvnAOKE,templeSF,<class 'KeyError'>
214,d7gPvYAaZo,wetrepublic,<class 'KeyError'>
215,BDgiCDPndKD,rudas,<class 'KeyError'>
216,BGKwAcTGbTN,grandSF,<class 'KeyError'>
217,13Y4-dAaZ0,wetrepublic,<class 'KeyError'>
218,qIE4D-gae_,wetrepublic,<class 'KeyError'>
219,BWx70tUlacU,templeSF,<class 'KeyError'>
220,kA63XFAaWE,wetrepublic,<class 'KeyError'>
221,BEBHDE4ndDI,rudas,<class 'KeyError'>
222,BD2klDZndB-,rudas,<class 'KeyError'>
223,BcAoOvvHz53,cavesduroyST,<class 'KeyError'>
224,BERSCw7ndNW,rudas,<class 'KeyError'>
225,BKOLzTzhDzT,wetrepublic,<class 'KeyError'>
226,PBWtcPgaVx,wetrepublic,<class 'KeyError'>
227,ntWNokAaeY,wetrepublic,<class 'KeyError'>
228,BIc65TzhgC8,wetrepublic,<class 'KeyError'>
229,BJbBblMB3MZ,wetrepublic,<class 'KeyError'>
230,BBS-LURq0Hz,templeSF,<class 'requests.exceptions.ConnectionError'>
231,BEEwp9CK0E5,templeSF,<class 'KeyError'>
232,BDXpyXJndBB,rudas,<class 'KeyError'>
233,OfasDJAabs,wetrepublic,<class 'KeyError'>
234,BNK9pt3jctY,prsymCH,<class 'KeyError'>
235,BCQkXA2AaXa,wetrepublic,<class 'KeyError'>
236,BYGvquZAYNO,grandSF,<class 'KeyError'>
237,BbfDOSDFcaT,prsymCH,<class 'KeyError'>
238,BeUBnd8HFkv,templeSF,<class 'KeyError'>
239,BfKOZlZHWEn,templeSF,<class 'KeyError'>
240,5YJ2-3q0Bx,templeSF,<class 'KeyError'>
241,BRluLKQDtHX,templeSF,<class 'KeyError'>
242,6LYkMcK0Gf,templeSF,<class 'KeyError'>
243,BL4asEpjb3G,prsymCH,<class 'KeyError'>
244,obib-ZgaRZ,wetrepublic,<class 'KeyError'>
245,BVsDUE-FZWz,prsymCH,<class 'KeyError'>
246,OE7YnPAabJ,wetrepublic,<class 'KeyError'>
247,aReiOdAaXY,wetrepublic,<class 'KeyError'>
248,BcsiE1anVKi,templeSF,<class 'KeyError'>
249,BWxqdFjF3Ei,prsymCH,<class 'KeyError'>
250,BOYAiisBdc1,cavesduroyST,<class 'KeyError'>
251,BOIcgmAjpQg,templeSF,<class 'KeyError'>
252,BRcOOqmjxHc,templeSF,<class 'KeyError'>
253,BEMSnUvK0Hf,templeSF,<class 'KeyError'>
254,BaUwid2FaV2,prsymCH,<class 'KeyError'>
255,2kAOB4gaeW,wetrepublic,<class 'KeyError'>
256,XU-9EGAaTx,wetrepublic,<class 'KeyError'>
257,BE4WrHkgaca,wetrepublic,<class 'KeyError'>
258,BWgJKvjFi4P,prsymCH,<class 'KeyError'>
259,BRYvvu8DHQE,wetrepublic,<class 'KeyError'>
260,BZwKaNoHCsm,cavesduroyST,<class 'KeyError'>
261,0LUpJPAaaK,wetrepublic,<class 'KeyError'>
262,fNr4v4gaes,wetrepublic,<class 'KeyError'>
263,BTrc1f5Dx0J,wetrepublic,<class 'KeyError'>
264,BBdl4pCGbev,grandSF,<class 'KeyError'>
265,BJ88XtYjIsd,prsymCH,<class 'KeyError'>
266,s_EhZmAaSA,wetrepublic,<class 'KeyError'>
267,dp3qq8Aadd,wetrepublic,<class 'KeyError'>
268,BUrruhNFFQg,prsymCH,<class 'KeyError'>
269,BRoqcUAlLnT,prsymCH,<class 'KeyError'>
270,BH032izAWEf,templeSF,<class 'KeyError'>
271,BgZGnGZHSYj,prsymCH,<class 'json.decoder.JSONDecodeError'>
272,BevYsc6DB2q,oxfordsc_sd,<class 'KeyError'>
273,0YqeKDK0FX,templeSF,<class 'KeyError'>
274,5dTeEbgaU_,wetrepublic,<class 'KeyError'>
275,W5YKsDAaaT,wetrepublic,<class 'KeyError'>
276,BbVFoNxlYly,grandBoston,<class 'json.decoder.JSONDecodeError'>
277,-e3xDhq0Ax,templeSF,<class 'KeyError'>
278,BSMJSKpFFme,prsymCH,<class 'KeyError'>
279,BW3GZGwHzf6,cavesduroyST,<class 'KeyError'>
280,BIion3KgbJs,templeSF,<class 'KeyError'>
281,BCgBxxxAac7,wetrepublic,<class 'KeyError'>
282,17qNmLq0Nt,templeSF,<class 'KeyError'>
283,xvSQcYq0LD,templeSF,<class 'KeyError'>
284,BHyp5-_A2fh,rudas,<class 'KeyError'>
285,_f0DLrq0Mi,templeSF,<class 'KeyError'>
286,BPQ3yDhjA6H,templeSF,<class 'KeyError'>
287,BWjHVLwl2A4,templeSF,<class 'KeyError'>
288,md4MMUAaQO,wetrepublic,<class 'KeyError'>
289,BETwvT9ndNn,rudas,<class 'KeyError'>
290,BTzIt0oDnzE,wetrepublic,<class 'KeyError'>
291,BeMjDKIH-LH,templeSF,<class 'KeyError'>
292,BCMCAwnAaWs,wetrepublic,<class 'KeyError'>
293,BDedCmyq0NM,templeSF,<class 'KeyError'>
294,BUfBMCvFyB0,prsymCH,<class 'KeyError'>
295,xAohsEK0BF,templeSF,<class 'KeyError'>
296,BHZ_ibohR7u,wetrepublic,<class 'KeyError'>
297,BamSqvUDnP4,wetrepublic,<class 'KeyError'>
298,BX1EZ2TFt0S,templeSF,<class 'KeyError'>
299,Bfd9ITIjI87,wetrepublic,<class 'KeyError'>
300,2RSdb1gaZ9,wetrepublic,<class 'KeyError'>
301,nOq_flgaYo,wetrepublic,<class 'KeyError'>
302,Bf6SEiuDe38,wetrepublic,<class 'KeyError'>
303,BFmPIqlAaZK,wetrepublic,<class 'KeyError'>
304,BC89x-ZhNLH,cavesduroyST,<class 'KeyError'>
305,BdBPW6AhSav,grandSF,<class 'KeyError'>
306,4Gz2JlAaZ1,wetrepublic,<class 'KeyError'>
307,pbuibggafW,wetrepublic,<class 'KeyError'>
308,Z1X45bgaep,wetrepublic,<class 'KeyError'>
309,BHaQJmjj32T,prsymCH,<class 'KeyError'>
310,BDkiCqQHdGY,rudas,<class 'KeyError'>
311,BewG7ddB1Fo,grandSF,<class 'KeyError'>
312,BGXk7iaGbZU,grandSF,<class 'KeyError'>
313,BUh5bAJFYTx,prsymCH,<class 'KeyError'>
314,BFojCZiHdFu,rudas,<class 'KeyError'>
315,BJI1udMgykb,rudas,<class 'KeyError'>
316,BE-8T-yndME,rudas,<class 'KeyError'>
317,0_YjnBAaSf,wetrepublic,<class 'KeyError'>
318,BSRl4deAX2f,templeSF,<class 'KeyError'>
319,_nYBs1gaUg,wetrepublic,<class 'KeyError'>
320,BayJEpnBjd5,grandSF,<class 'KeyError'>
321,BT13lzpDOqE,templeSF,<class 'KeyError'>
322,BfruazCHR5J,templeSF,<class 'KeyError'>
323,BVStv0kAVe-,grandSF,<class 'KeyError'>
324,BafYtwCHTzh,templeSF,<class 'KeyError'>
325,BDse8wLndHh,rudas,<class 'KeyError'>
326,BGKgB5JAad1,wetrepublic,<class 'KeyError'>
327,4ALqPfgaVu,wetrepublic,<class 'KeyError'>
328,BUP2TyEldu_,prsymCH,<class 'KeyError'>
329,BQirlfxFPMM,wetrepublic,<class 'KeyError'>
330,Bdx-eK_HAZQ,templeSF,<class 'KeyError'>
331,BIVdf0MgXzq,rudas,<class 'KeyError'>
332,BgZXo4vh1iU,templeSF,<class 'KeyError'>
333,o-KZFmAac8,wetrepublic,<class 'KeyError'>
334,BWeh-uzAErD,oxfordsc_sd,<class 'KeyError'>
335,BSgwr5VFkkI,prsymCH,<class 'KeyError'>
336,BeGigtCDFlU,oxfordsc_sd,<class 'KeyError'>
337,BI75mhZh1a0,wetrepublic,<class 'KeyError'>
338,BauJe4_HXfs,templeSF,<class 'KeyError'>
339,BNC74RCjHGi,templeSF,<class 'KeyError'>
340,Bh7IE-3B7U5,grandSF,<class 'json.decoder.JSONDecodeError'>
341,5x50qEAaXW,wetrepublic,<class 'KeyError'>
342,BapIfi-F_bJ,prsymCH,<class 'KeyError'>
343,nEj3CwgabG,wetrepublic,<class 'KeyError'>
344,BTAMZAblDaO,prsymCH,<class 'KeyError'>
345,BCTVhgYK0Aw,templeSF,<class 'KeyError'>
346,BLXGsuRjBXu,prsymCH,<class 'KeyError'>
347,aUONUeAaWm,wetrepublic,<class 'KeyError'>
348,BcjJ87fHoHM,templeSF,<class 'KeyError'>
349,3zwKYZK0I1,templeSF,<class 'KeyError'>
350,BHHxsHJANb1,rudas,<class 'KeyError'>
351,9uQ4KFK0Ah,templeSF,<class 'KeyError'>
352,BI5gyM7gnes,grandSF,<class 'KeyError'>
353,BEY_YzEgaQh,wetrepublic,<class 'KeyError'>
354,Bd-za5AnKee,cavesduroyST,<class 'KeyError'>
355,BJlD5Z_Brr6,cavesduroyST,<class 'KeyError'>
356,rQvALCAaVN,wetrepublic,<class 'KeyError'>
357,BLY-L4QhVLk,wetrepublic,<class 'KeyError'>
358,0giPmsgaZt,wetrepublic,<class 'KeyError'>
359,1n8Ji1AaQp,wetrepublic,<class 'KeyError'>
360,BRtkyaSjNdc,wetrepublic,<class 'KeyError'>
361,BU2UBhLlJHQ,prsymCH,<class 'KeyError'>
362,Bbu2-DzHVFc,templeSF,<class 'KeyError'>
363,BRqzpd7AGpk,grandSF,<class 'KeyError'>
364,BOfMtd_Ae0A,rudas,<class 'KeyError'>
365,BUnVSVUBm7d,cavesduroyST,<class 'KeyError'>
366,BWnwr3Llppy,prsymCH,<class 'KeyError'>
367,21MYnrgabD,wetrepublic,<class 'KeyError'>
368,BaNVyN0hLI9,grandSF,<class 'KeyError'>
369,syOQ6AAaXt,wetrepublic,<class 'KeyError'>
370,BAuqT6IAaVu,wetrepublic,<class 'KeyError'>
371,BJf9sMDhF0I,wetrepublic,<class 'KeyError'>
372,6F71qkq0Nx,templeSF,<class 'KeyError'>
373,zvciDFgacK,wetrepublic,<class 'KeyError'>
374,BIdTPIngDLb,rudas,<class 'KeyError'>
375,BJ80Y3gAZa_,templeSF,<class 'KeyError'>
376,BDEKSj1q0Jc,templeSF,<class 'KeyError'>
377,BFt8Bv5HdJU,rudas,<class 'KeyError'>
378,qhW8iwgaTv,wetrepublic,<class 'KeyError'>
379,6_Jk-sAaZF,wetrepublic,<class 'KeyError'>
380,BdTvb6lB_tm,grandSF,<class 'KeyError'>
381,9KGAgVAab2,wetrepublic,<class 'KeyError'>
382,mY0drtAaVo,wetrepublic,<class 'KeyError'>
383,BM-BgA6DYEV,prsymCH,<class 'KeyError'>
384,BH9cTkoAyVA,rudas,<class 'KeyError'>
385,BDlwoVMAaW4,wetrepublic,<class 'KeyError'>
386,BPt8J7eDonW,templeSF,<class 'KeyError'>
387,BKq7UbxAb35,grandSF,<class 'KeyError'>
388,BYHPN2qH_tG,cavesduroyST,<class 'KeyError'>
389,n_J0kFgabw,wetrepublic,<class 'KeyError'>
390,BTvCAMRjM_v,templeSF,<class 'KeyError'>
391,sk8ilAAaZ_,wetrepublic,<class 'KeyError'>
392,BJ7nAa-AsaM,rudas,<class 'KeyError'>
393,6VaxuHAacU,wetrepublic,<class 'KeyError'>
394,BerPsgsl49b,grandBoston,<class 'KeyError'>
395,BGY-3fdHdJ0,rudas,<class 'KeyError'>
396,BGH-IGhHdOh,rudas,<class 'KeyError'>
397,pEhwWZgafr,wetrepublic,<class 'KeyError'>
398,BUxP3jdDH_n,wetrepublic,<class 'KeyError'>
399,BQq9JYKl9X7,prsymCH,<class 'KeyError'>
400,BHfji7eg6bx,rudas,<class 'KeyError'>
401,BJBydQJjT6m,prsymCH,<class 'KeyError'>
402,BU-peShACM0,templeSF,<class 'KeyError'>
403,BIyaMPuDz9S,prsymCH,<class 'KeyError'>
404,8Lwt9AgaTX,wetrepublic,<class 'KeyError'>
405,BK4rjCKDG1c,templeSF,<class 'KeyError'>
406,BGUnYWIgaV2,wetrepublic,<class 'KeyError'>
407,BXBcuRegFOj,wetrepublic,<class 'KeyError'>
408,BT4RlQ6FfIs,prsymCH,<class 'KeyError'>
409,BOaqpEpD8Eo,prsymCH,<class 'KeyError'>
410,BTfLOV6jB-8,wetrepublic,<class 'KeyError'>
411,BIENOFHgK8R,grandSF,<class 'KeyError'>
412,1bRU75gaac,wetrepublic,<class 'KeyError'>
413,BYMEnTPHP_R,templeSF,<class 'KeyError'>
414,BQ7SUC1FaRV,prsymCH,<class 'KeyError'>
415,a_brJ6gaYh,wetrepublic,<class 'KeyError'>
416,BgHfc3LDt1-,wetrepublic,<class 'KeyError'>
417,oqwsNgAadf,wetrepublic,<class 'KeyError'>
418,BR_Q5JgjteZ,wetrepublic,<class 'KeyError'>
419,BdW8Fg7F3Az,prsymCH,<class 'json.decoder.JSONDecodeError'>
420,BanJeChn8rj,templeSF,<class 'KeyError'>
421,-7ICPEmbfl,grandSF,<class 'KeyError'>
422,BAnIWj7K0C_,templeSF,<class 'KeyError'>
423,BP-3ONTA3Dn,grandSF,<class 'KeyError'>
424,BH5PSjzgH3F,grandSF,<class 'KeyError'>
425,BCmgffxmbfZ,grandSF,<class 'KeyError'>
426,BiibmbABbp0,grandSF,<class 'json.decoder.JSONDecodeError'>
427,Bcp5Y72HSQj,cavesduroyST,<class 'KeyError'>
428,BNppNQ2h3cP,cavesduroyST,<class 'KeyError'>
429,BXa4Cdqj_X6,wetrepublic,<class 'KeyError'>
430,p-DyDMgaa6,wetrepublic,<class 'KeyError'>
431,BLHQTQiDjlw,prsymCH,<class 'KeyError'>
432,p7GXtWgaV_,wetrepublic,<class 'KeyError'>
433,4nHlh8AaYi,wetrepublic,<class 'KeyError'>
434,BO2i8JODAz0,prsymCH,<class 'KeyError'>
435,BcalBNznwVw,templeSF,<class 'KeyError'>
436,BQed8YGB1P6,oxfordsc_sd,<class 'KeyError'>
437,BJw7XkZg9G7,grandSF,<class 'KeyError'>
438,rc0lFeAaTr,wetrepublic,<class 'KeyError'>
439,mqUTi_AaSv,wetrepublic,<class 'KeyError'>
440,BDOf80ngaW1,wetrepublic,<class 'KeyError'>
441,sLFuatgaTq,wetrepublic,<class 'KeyError'>
442,eibVLbgabk,wetrepublic,<class 'KeyError'>
443,BHAbmgPHdDG,rudas,<class 'KeyError'>
444,BGMOIm6HdCh,rudas,<class 'KeyError'>
445,BhcakUtAoh9,cavesduroyST,<class 'KeyError'>
446,BimycU0hwic,grandBoston,<class 'KeyError'>
447,mT2Wgegaf7,wetrepublic,<class 'KeyError'>
448,BG2jhzHAafV,wetrepublic,<class 'KeyError'>
449,e3NV00gaYm,wetrepublic,<class 'KeyError'>
450,BD9FsJ5GbUL,grandSF,<class 'KeyError'>
451,ZMC4BQAacC,wetrepublic,<class 'requests.exceptions.SSLError'>
452,-P6OZlmbcp,grandSF,<class 'KeyError'>
453,BFIx4s7GbSP,grandSF,<class 'KeyError'>
454,BgoitCQjjtb,wetrepublic,<class 'KeyError'>
455,BEI9fsGHdDy,rudas,<class 'KeyError'>
456,BNZyGTWAA1y,rudas,<class 'KeyError'>
457,Bcg-WJ9lPRi,prsymCH,<class 'KeyError'>
458,3WqBbSgaU3,wetrepublic,<class 'KeyError'>
459,awksRegac-,wetrepublic,<class 'KeyError'>
460,BN0S_hpDj3z,prsymCH,<class 'KeyError'>
461,BCs4x91gaW8,wetrepublic,<class 'KeyError'>
462,BYq_iXxH4Uq,templeSF,<class 'KeyError'>
463,BKgbIjjB00g,cavesduroyST,<class 'KeyError'>
464,BDcyuvMHdFC,rudas,<class 'KeyError'>
465,BeuRV_nHSmT,templeSF,<class 'KeyError'>
466,BYexm-mnXZy,templeSF,<class 'KeyError'>
467,BUc29iqD1Zj,wetrepublic,<class 'KeyError'>
468,sYdx2_Aabh,wetrepublic,<class 'KeyError'>
469,BJeCTbSgwI3,templeSF,<class 'KeyError'>
470,BAQGvecq0H9,templeSF,<class 'KeyError'>
471,BZUA9_qjEUQ,wetrepublic,<class 'KeyError'>
472,2wz_n0gaR6,wetrepublic,<class 'KeyError'>
473,tInunwgadc,wetrepublic,<class 'KeyError'>
474,rLGaeZAaSw,wetrepublic,<class 'KeyError'>
475,l8qju-AaVz,wetrepublic,<class 'KeyError'>
476,BJ2v9ZrBzMa,cavesduroyST,<class 'KeyError'>
477,BW8hJ_JlRkq,prsymCH,<class 'KeyError'>
478,Bg-IJCXHWoY,templeSF,<class 'KeyError'>
479,BZIFvDInGpK,templeSF,<class 'KeyError'>
480,mv-9DdAaWl,wetrepublic,<class 'KeyError'>
481,2Mf-5MAadT,wetrepublic,<class 'KeyError'>
482,3t7_51AaTK,wetrepublic,<class 'KeyError'>
483,IkigRkgaSS,wetrepublic,<class 'KeyError'>
484,pepZ7AAaev,wetrepublic,<class 'KeyError'>
485,oCXbPaAaZT,wetrepublic,<class 'KeyError'>
486,BPbilJXDSHZ,templeSF,<class 'KeyError'>
487,BXDkWNnFqtp,prsymCH,<class 'KeyError'>
488,KVjhRKAacc,wetrepublic,<class 'KeyError'>
489,Y5---fAaX-,wetrepublic,<class 'KeyError'>
490,BPnxloghj05,cavesduroyST,<class 'KeyError'>
491,Be_B4uWDWeA,wetrepublic,<class 'KeyError'>
492,BGxJcPBK0Py,templeSF,<class 'KeyError'>
493,BdbR5aHlR23,grandBoston,<class 'KeyError'>
494,BGgS7l8HdHz,rudas,<class 'KeyError'>
495,2EeTA9AadT,wetrepublic,<class 'KeyError'>
496,BZ9IeSKn3Yk,templeSF,<class 'KeyError'>
497,BJv-MyaAyQo,templeSF,<class 'KeyError'>
498,uBzdlEgadW,wetrepublic,<class 'KeyError'>
499,BZHobhvAIwq,oxfordsc_sd,<class 'KeyError'>
500,BUGgrDrA7SW,oxfordsc_sd,<class 'KeyError'>
501,eQlhWEAadO,wetrepublic,<class 'KeyError'>
502,BJ5sTFQBvRe,wetrepublic,<class 'KeyError'>
503,XlCuZCgaTp,wetrepublic,<class 'KeyError'>
504,yxs1gSK0HX,templeSF,<class 'KeyError'>
505,BGm00iandF5,rudas,<class 'KeyError'>
506,BUSVsZWg8IN,templeSF,<class 'KeyError'>
507,BCCAGZ-q0DV,templeSF,<class 'KeyError'>
508,BFhYggNAaVY,wetrepublic,<class 'KeyError'>
509,tvWbtwgaVu,wetrepublic,<class 'KeyError'>
510,BMnOR4LDESv,prsymCH,<class 'KeyError'>
511,BWbCvQ4Aiif,grandSF,<class 'KeyError'>
512,r7zSDXgaeS,wetrepublic,<class 'KeyError'>
513,BhADTINh8ul,oxfordsc_sd,<class 'KeyError'>
514,BS9GU_2AYZc,templeSF,<class 'KeyError'>
515,BPLHOXvBHEh,wetrepublic,<class 'KeyError'>
516,BUcYaczAejd,templeSF,<class 'KeyError'>
517,BAaaaCOq0Oa,templeSF,<class 'KeyError'>
518,BJTcXqRAENK,templeSF,<class 'KeyError'>
519,BTfaMXDAdt9,oxfordsc_sd,<class 'KeyError'>
520,BNfxypiD2R8,prsymCH,<class 'KeyError'>
521,BEJzKQYgaUk,wetrepublic,<class 'KeyError'>
522,J-sa0ygafI,wetrepublic,<class 'KeyError'>
523,BGaK0Z-gaVW,wetrepublic,<class 'KeyError'>
524,BVKrarejwwg,wetrepublic,<class 'KeyError'>
525,nJvGTwgaeN,wetrepublic,<class 'KeyError'>
526,BYWVk79nLII,templeSF,<class 'KeyError'>
527,3IeYSKgadN,wetrepublic,<class 'KeyError'>
528,nTcTRhgaRn,wetrepublic,<class 'KeyError'>
529,BRMEm2LhdvZ,prsymCH,<class 'KeyError'>
530,xFTJWVAabM,wetrepublic,<class 'KeyError'>
531,BX6rp5rlm4G,templeSF,<class 'KeyError'>
532,BS7NA2Rgm81,grandSF,<class 'KeyError'>
533,rvJsn4AaW8,wetrepublic,<class 'KeyError'>
534,BOprTGbh4cl,cavesduroyST,<class 'KeyError'>
535,BUM69dkjldl,wetrepublic,<class 'KeyError'>
536,BFYWbyqHdLs,rudas,<class 'KeyError'>
537,s8ZguGgaUh,wetrepublic,<class 'KeyError'>
538,BXGuc4zFWU-,templeSF,<class 'KeyError'>
539,BSMcsLxDruo,wetrepublic,<class 'KeyError'>
540,Bf95v5Snvr8,templeSF,<class 'KeyError'>
541,2_gWv8gaYi,wetrepublic,<class 'KeyError'>
542,73ECHbgad-,wetrepublic,<class 'KeyError'>
543,Ba-kU8HHaev,templeSF,<class 'KeyError'>
544,BhfwbpNnsqw,templeSF,<class 'KeyError'>
545,eF0CckgaU_,wetrepublic,<class 'KeyError'>
546,BDfsB_NndDT,rudas,<class 'KeyError'>
547,BJQ6CoBjaDL,prsymCH,<class 'KeyError'>
548,BTrnWeWlS1E,prsymCH,<class 'KeyError'>
549,BS35kx-jjfa,wetrepublic,<class 'KeyError'>
550,BJLwvVWAvxT,rudas,<class 'KeyError'>
551,BKHxfcOA9hb,templeSF,<class 'KeyError'>
552,BIVW_m6AaRX,templeSF,<class 'KeyError'>
553,0MvG8cK0Nm,templeSF,<class 'requests.exceptions.ChunkedEncodingError'>
554,BGGFUJAq0J-,templeSF,<class 'KeyError'>
555,BGaq-Bcq0K4,templeSF,<class 'KeyError'>
556,WVZE_BAaUS,wetrepublic,<class 'KeyError'>
557,Bacw2gxArBe,oxfordsc_sd,<class 'KeyError'>
558,BT__7gCjBK6,wetrepublic,<class 'KeyError'>
559,9mMxNeK0LD,templeSF,<class 'KeyError'>
560,BKWkUQtBXKz,cavesduroyST,<class 'KeyError'>
561,BbQBGJwl9kQ,templeSF,<class 'KeyError'>
562,bT-rVCAaSM,wetrepublic,<class 'KeyError'>
563,BbGGrAmnv6a,templeSF,<class 'KeyError'>
564,BI8RclPAo2E,rudas,<class 'KeyError'>
565,BKVlOGBg9-f,rudas,<class 'KeyError'>
566,BEI8gxJndBs,rudas,<class 'KeyError'>
567,BdTy28mHrUs,templeSF,<class 'KeyError'>
568,pWtACOAaao,wetrepublic,<class 'KeyError'>
569,BE3P4LrndE4,rudas,<class 'KeyError'>
570,Bf1qKLBFF3n,grandBoston,<class 'KeyError'>
571,BD_uMZaAaXX,wetrepublic,<class 'KeyError'>
572,BUAEWQaAasg,templeSF,<class 'KeyError'>
573,9HCftnq0Nh,templeSF,<class 'KeyError'>
574,Bgb345vg2N4,cavesduroyST,<class 'KeyError'>
575,m_SfdtAaWA,wetrepublic,<class 'KeyError'>
576,BJyTGBKhWP-,wetrepublic,<class 'KeyError'>
577,BEauSgcHdB1,rudas,<class 'KeyError'>
578,Ba2liZBHwFi,templeSF,<class 'KeyError'>
579,7Yqfgxq0CW,templeSF,<class 'KeyError'>
580,8hR3-5q0At,templeSF,<class 'KeyError'>
581,BKRALb5gV2S,rudas,<class 'KeyError'>
582,BFkmay1K0Ge,templeSF,<class 'KeyError'>
583,r2fXYJgac2,wetrepublic,<class 'KeyError'>
584,Bdoab7tH9iI,templeSF,<class 'KeyError'>
585,zSsL6-gaa5,wetrepublic,<class 'KeyError'>
586,BJd4zbwhX-9,cavesduroyST,<class 'KeyError'>
587,tVg_jcAaRj,wetrepublic,<class 'KeyError'>
588,noRjbUgaTd,wetrepublic,<class 'KeyError'>
589,BJDniBQgOi7,rudas,<class 'KeyError'>
590,BDvAGrnHdLZ,rudas,<class 'KeyError'>
591,-j4rDbAaTT,wetrepublic,<class 'KeyError'>
592,svnxCYgaRV,wetrepublic,<class 'KeyError'>
593,BVKj8EwlwNI,prsymCH,<class 'KeyError'>
594,BRytg9ZBR2K,cavesduroyST,<class 'KeyError'>
595,OKz4KuAabW,wetrepublic,<class 'KeyError'>
596,BWRvEHulBkI,prsymCH,<class 'KeyError'>
597,BERSc8EndON,rudas,<class 'KeyError'>
598,BaCp9t6jn0R,wetrepublic,<class 'KeyError'>
599,BXOiP9jFQbJ,prsymCH,<class 'KeyError'>
600,BgHY5BuBWfN,templeSF,<class 'KeyError'>
601,qqQxVxgafc,wetrepublic,<class 'KeyError'>
602,yxN0fOgaVf,wetrepublic,<class 'KeyError'>
603,BQedeHvDQNu,templeSF,<class 'KeyError'>
604,BBYBOYcAaf_,wetrepublic,<class 'KeyError'>
605,BMFdm80D-ZF,templeSF,<class 'KeyError'>
606,BFcQTdbndKl,rudas,<class 'KeyError'>
607,BH2YAM4hH_E,wetrepublic,<class 'KeyError'>
608,5sAKM9AaSq,wetrepublic,<class 'KeyError'>
609,NmV5FVAaWa,wetrepublic,<class 'KeyError'>
610,BimmTFzAKLn,cavesduroyST,<class 'KeyError'>
611,Y3W5UPAaeb,wetrepublic,<class 'KeyError'>
612,BSjyRFEgKGl,grandSF,<class 'KeyError'>
613,y-J-xZAaaj,wetrepublic,<class 'KeyError'>
614,BeEKfdpnVYl,templeSF,<class 'KeyError'>
615,BMCgH4sjLBJ,prsymCH,<class 'KeyError'>
616,BQlPVc0Dguo,prsymCH,<class 'KeyError'>
617,BP-7wWGDeHL,prsymCH,<class 'KeyError'>
618,omM9KVgaSL,wetrepublic,<class 'KeyError'>
619,BbWIn9Jlw2X,prsymCH,<class 'json.decoder.JSONDecodeError'>
620,BRE8YykjkJJ,templeSF,<class 'KeyError'>
621,lVPbd4AaYB,wetrepublic,<class 'KeyError'>
622,rhn3iqgaZ2,wetrepublic,<class 'KeyError'>
623,0n-k34gaXe,wetrepublic,<class 'KeyError'>
624,mIqdaDgafS,wetrepublic,<class 'KeyError'>
625,bHb4ULAaSk,wetrepublic,<class 'KeyError'>
626,MRA99dgaSU,wetrepublic,<class 'KeyError'>
627,BQ_G1hDBnw-,rudas,<class 'KeyError'>
628,Bg4iGMqhOW5,grandSF,<class 'KeyError'>
629,BOpzVygjvaO,templeSF,<class 'KeyError'>
630,BhYAgvOH6gn,templeSF,<class 'KeyError'>
631,BKA9SvAgwWZ,rudas,<class 'KeyError'>
632,Xf5nfMgaZS,wetrepublic,<class 'KeyError'>
633,BN-554TDM8c,templeSF,<class 'KeyError'>
634,BD_gokLHdJ0,rudas,<class 'KeyError'>
635,BDEV8A0ndB-,rudas,<class 'KeyError'>
636,BeOLOf8lw-L,grandBoston,<class 'KeyError'>
637,BUcYKAvlyS9,prsymCH,<class 'KeyError'>
638,BYj6V6ClbDE,prsymCH,<class 'KeyError'>
639,vLTBVlK0Eh,templeSF,<class 'KeyError'>
640,BU98sQcAnNg,oxfordsc_sd,<class 'KeyError'>
641,Bb73kRrltQu,grandBoston,<class 'KeyError'>
642,BdD-B-tFivj,grandBoston,<class 'KeyError'>
643,BHT6YkCgdT9,rudas,<class 'KeyError'>
644,BNQ8KhLj-to,prsymCH,<class 'KeyError'>
645,BGh1vvkGbe7,grandSF,<class 'KeyError'>
646,BKR4hQ0AJSQ,templeSF,<class 'KeyError'>
647,5Xt5FzgaSf,wetrepublic,<class 'KeyError'>
648,BYtTr4HFsXQ,prsymCH,<class 'KeyError'>
649,BIdbFeaBdFh,cavesduroyST,<class 'KeyError'>
650,BUP5fZdjJyE,wetrepublic,<class 'KeyError'>
651,BZRV_BoF1aZ,prsymCH,<class 'KeyError'>
652,BhNYtRHFFqb,prsymCH,<class 'json.decoder.JSONDecodeError'>
653,Jp30J2gaU5,wetrepublic,<class 'KeyError'>
654,BMnLyK8DN8U,templeSF,<class 'KeyError'>
655,BIlL_70BjZY,wetrepublic,<class 'KeyError'>
656,ym6og5AaU7,wetrepublic,<class 'KeyError'>
657,BUh505JAWCZ,templeSF,<class 'KeyError'>
658,BRi35qyjxQc,wetrepublic,<class 'KeyError'>
659,BFxe8kFK0Ig,templeSF,<class 'KeyError'>
660,BV7vgcggSyx,grandSF,<class 'KeyError'>
661,BXbhd6rnQge,cavesduroyST,<class 'KeyError'>
662,BIVRsTahiE1,wetrepublic,<class 'KeyError'>
663,BTHYBCGlOMH,prsymCH,<class 'KeyError'>
664,Y3OtNjmbf0,grandSF,<class 'KeyError'>
665,Bbugtnij5Wa,wetrepublic,<class 'KeyError'>
666,BVnCPoajdHM,wetrepublic,<class 'KeyError'>
667,4wx1rHgaTj,wetrepublic,<class 'KeyError'>
668,2rAZG-AaSK,wetrepublic,<class 'KeyError'>
669,BYEi1H2FJtJ,prsymCH,<class 'KeyError'>
670,BTFsSI3ANsK,templeSF,<class 'KeyError'>
671,BDESSv3ndKF,rudas,<class 'KeyError'>
672,s3PSDzgaQL,wetrepublic,<class 'KeyError'>
673,sqamicAaUx,wetrepublic,<class 'KeyError'>
674,BcGTVhvHGRf,templeSF,<class 'KeyError'>
675,BIBJ-CxAo26,templeSF,<class 'KeyError'>
676,z-YNjcgafv,wetrepublic,<class 'KeyError'>
677,BG64Rw3ndIY,rudas,<class 'KeyError'>
678,BLKx3JHA8Tk,grandSF,<class 'KeyError'>
679,Bg6ygrxDMjJ,wetrepublic,<class 'KeyError'>
680,oXJXFPAaf4,wetrepublic,<class 'KeyError'>
681,6qHw8MAaTJ,wetrepublic,<class 'KeyError'>
682,q6JCfhgaXO,wetrepublic,<class 'KeyError'>
683,BD9QD_6gaYv,wetrepublic,<class 'KeyError'>
684,_YG3X3q0OE,templeSF,<class 'KeyError'>
685,rp4kErAaQ0,wetrepublic,<class 'KeyError'>
686,k-ef3hgaXK,wetrepublic,<class 'KeyError'>
687,pxUYNCgaS6,wetrepublic,<class 'requests.exceptions.ConnectionError'>
688,X0SaoIgacQ,wetrepublic,<class 'KeyError'>
689,BFDVQNMq0Nt,templeSF,<class 'KeyError'>
690,BH7uoDgBLov,cavesduroyST,<class 'KeyError'>
691,BbgF-5Cn2NT,templeSF,<class 'KeyError'>
692,BX02qt1lsaA,prsymCH,<class 'KeyError'>
693,BFBtdhLHdGn,rudas,<class 'KeyError'>
694,BNcgjk2Aicp,rudas,<class 'KeyError'>
695,BTfk_CUDOv9,templeSF,<class 'KeyError'>
696,Ba66bL4lQ5o,prsymCH,<class 'KeyError'>
697,BfjlGtnDDkU,oxfordsc_sd,<class 'KeyError'>
698,4bJGZsq0PY,templeSF,<class 'KeyError'>
699,rP3cRKAaR_,wetrepublic,<class 'KeyError'>
700,BZrQtwgHFvW,templeSF,<class 'KeyError'>
701,BHNQzjLgdxn,rudas,<class 'KeyError'>
702,mjAHDMgaTE,wetrepublic,<class 'KeyError'>
703,BeoDliFFzh2,prsymCH,<class 'KeyError'>
704,Bgh4OWUhuX0,templeSF,<class 'KeyError'>
705,BIvmTm2BuQn,cavesduroyST,<class 'KeyError'>
706,BhFPLIjntYm,templeSF,<class 'KeyError'>
707,BJQ0x6PhvZl,wetrepublic,<class 'KeyError'>
708,BHiMkWrAWId,templeSF,<class 'KeyError'>
709,7v8p_7K0Io,templeSF,<class 'KeyError'>
710,BJ0YNYwDMXD,prsymCH,<class 'KeyError'>
711,Bbhe2ODlO6U,grandBoston,<class 'KeyError'>
712,BILIlQgAewO,rudas,<class 'KeyError'>
713,BElr-9THdAI,rudas,<class 'KeyError'>
714,8Og3KTq0FQ,templeSF,<class 'KeyError'>
715,Be9Dn6Pl-6F,grandBoston,<class 'KeyError'>
716,wnZC4NK0A3,templeSF,<class 'KeyError'>
717,BTXEwjmlkNg,prsymCH,<class 'KeyError'>
718,4hWHxmgaaA,wetrepublic,<class 'KeyError'>
719,ZtZHqBAaXW,wetrepublic,<class 'KeyError'>
720,BIf3Q82ATB0,rudas,<class 'KeyError'>
721,BJJUht5hRHO,cavesduroyST,<class 'KeyError'>
722,pJs_g2gaaF,wetrepublic,<class 'KeyError'>
723,aCEKX2gaaJ,wetrepublic,<class 'KeyError'>
724,BTMf604DUiK,wetrepublic,<class 'KeyError'>
725,Bgb9tj6H0K8,grandSF,<class 'KeyError'>
726,tCofuXgad6,wetrepublic,<class 'KeyError'>
727,BIGGpfuAtog,cavesduroyST,<class 'KeyError'>
728,heFLP0gafm,wetrepublic,<class 'KeyError'>
729,BcfM1i1lPua,grandBoston,<class 'KeyError'>
730,BVwWL-sFhZH,prsymCH,<class 'KeyError'>
731,BZrh36MFCYV,prsymCH,<class 'KeyError'>
732,BSUCwBEBSZU,cavesduroyST,<class 'KeyError'>
733,99qHO0K0Ak,templeSF,<class 'KeyError'>
734,BO2g6ybhAHQ,wetrepublic,<class 'KeyError'>
735,BG1XmCcndNs,rudas,<class 'KeyError'>
736,6drRTJAaRw,wetrepublic,<class 'KeyError'>
737,BJs86dlgN3a,rudas,<class 'KeyError'>
738,vg6Dkbq0OL,templeSF,<class 'KeyError'>
739,BYjvhDNg8lq,oxfordsc_sd,<class 'KeyError'>
740,3znsEGAaTT,wetrepublic,<class 'KeyError'>
741,BLobRMehdoU,wetrepublic,<class 'KeyError'>
742,4pX2tOK0No,templeSF,<class 'KeyError'>
743,dCxjYOgaYI,wetrepublic,<class 'KeyError'>
744,BZ4Xb_sFMMg,prsymCH,<class 'KeyError'>
745,BhE1OMwDCls,wetrepublic,<class 'KeyError'>
746,BMQP1rjjGmr,templeSF,<class 'KeyError'>
747,BbnIVv_lfpE,prsymCH,<class 'KeyError'>
748,BNnAc5cDzjR,templeSF,<class 'KeyError'>
749,BEeZiLVgaSp,wetrepublic,<class 'KeyError'>
750,BOVIuwnDn_r,templeSF,<class 'KeyError'>
751,7G-1C7gaWM,wetrepublic,<class 'KeyError'>
752,BUkcpU0lq8Q,prsymCH,<class 'KeyError'>
753,qZjTkpAadK,wetrepublic,<class 'KeyError'>
754,BPqXfzvgtZV,grandSF,<class 'KeyError'>
755,8T3o21K0D9,templeSF,<class 'KeyError'>
756,BTfU7QPgC-6,grandSF,<class 'KeyError'>
757,Bfy7NTYFlAf,prsymCH,<class 'json.decoder.JSONDecodeError'>
758,qerMVhgaYD,wetrepublic,<class 'KeyError'>
759,BIDShz5ABYJ,rudas,<class 'KeyError'>
760,BSULcQzjzBr,wetrepublic,<class 'KeyError'>
761,BHHyMqkgnAD,rudas,<class 'KeyError'>
762,BILH4X8AyXO,rudas,<class 'KeyError'>
763,BV-Kw3tjsjM,wetrepublic,<class 'KeyError'>
764,BW3J7psFkcN,templeSF,<class 'KeyError'>
765,BWakX7Ql5_b,prsymCH,<class 'KeyError'>
766,BSrJLcslJHd,prsymCH,<class 'KeyError'>
767,rVhpv7AaVC,wetrepublic,<class 'KeyError'>
768,oUNwIDAaYD,wetrepublic,<class 'KeyError'>
769,BY3k2AiDpwV,wetrepublic,<class 'KeyError'>
770,BCwADDUq0Mh,templeSF,<class 'KeyError'>
771,BGuTBNHndAq,rudas,<class 'KeyError'>
772,BeoDInYBgWj,grandSF,<class 'KeyError'>
773,BAyLr8OGbe5,grandSF,<class 'KeyError'>
774,BQGVCTLDmbS,templeSF,<class 'KeyError'>
775,BG7U3uiq0Bu,templeSF,<class 'KeyError'>
776,BPfnSnHjEUM,prsymCH,<class 'KeyError'>
777,ZwH9TOgaX4,wetrepublic,<class 'KeyError'>
778,BNaCt_CDFm0,templeSF,<class 'KeyError'>
779,BgbphBZjzoS,wetrepublic,<class 'KeyError'>
780,BDSsBveHdJl,rudas,<class 'KeyError'>
781,BSwknh-DMPX,wetrepublic,<class 'KeyError'>
782,q4lbQaAaZY,wetrepublic,<class 'KeyError'>
783,BRBoQ-9DMlD,wetrepublic,<class 'KeyError'>
784,ueUlhqmbWN,grandSF,<class 'KeyError'>
785,BJn4H0tgAt-,templeSF,<class 'KeyError'>
786,BDbgc54ndA6,rudas,<class 'KeyError'>
787,BEjd5wVGbXO,grandSF,<class 'KeyError'>
788,BTU0ISzDfir,wetrepublic,<class 'KeyError'>
789,NClDRngaRu,wetrepublic,<class 'KeyError'>
790,qC_GnggabE,wetrepublic,<class 'KeyError'>
791,BJBC22WBUYH,wetrepublic,<class 'KeyError'>
792,BU2Wy23gMxz,templeSF,<class 'KeyError'>
793,6ijimOq0H5,templeSF,<class 'KeyError'>
794,tOVfuXAaSe,wetrepublic,<class 'KeyError'>
795,BXrMierlqYc,prsymCH,<class 'KeyError'>
796,BIb6Py0Arkv,rudas,<class 'KeyError'>
797,BErPsTeK0Cw,templeSF,<class 'KeyError'>
798,BIYp8PjghvM,grandSF,<class 'IndexError'>
799,544F38gaa5,wetrepublic,<class 'KeyError'>
800,3j2VYrgaSA,wetrepublic,<class 'KeyError'>
801,BIk4yxbDpEP,prsymCH,<class 'KeyError'>
802,pkd9bNgae4,wetrepublic,<class 'KeyError'>
803,5IEvelAaQE,wetrepublic,<class 'KeyError'>
804,BWIXX7Rg-xG,oxfordsc_sd,<class 'KeyError'>
805,BgoryOSnpdx,templeSF,<class 'KeyError'>
806,BRMLoAyAk82,grandSF,<class 'KeyError'>
807,BL2dFwvDU6t,templeSF,<class 'KeyError'>
808,BIKxyk5A2wf,templeSF,<class 'KeyError'>
809,7v9oQ3AaR2,wetrepublic,<class 'KeyError'>
810,BTHNe1WgxgJ,oxfordsc_sd,<class 'KeyError'>
811,BRxO6KQlTV_,prsymCH,<class 'KeyError'>
812,BQydsSpj4fp,templeSF,<class 'KeyError'>
813,BUNVxV-Bd_U,cavesduroyST,<class 'KeyError'>
814,BQbNw2zloQp,cavesduroyST,<class 'KeyError'>
815,7VlDL_gaUx,wetrepublic,<class 'KeyError'>
816,BXrRzTUlVb-,templeSF,<class 'KeyError'>
817,BFs8p3MGbXO,grandSF,<class 'KeyError'>
818,BGxFT8AgaV3,wetrepublic,<class 'KeyError'>
819,BcpubRVDFzh,wetrepublic,<class 'KeyError'>
820,BDbIPmMAafU,wetrepublic,<class 'KeyError'>
821,BVc4AS3l8hF,templeSF,<class 'KeyError'>
822,sX_apVgaTb,wetrepublic,<class 'KeyError'>
823,qm7uigAaWX,wetrepublic,<class 'KeyError'>
824,87DwyEmbc5,grandSF,<class 'KeyError'>
825,qVJV6zAaeX,wetrepublic,<class 'KeyError'>
826,BDOeqTPndKM,rudas,<class 'KeyError'>
827,BGU6yTendHQ,rudas,<class 'KeyError'>
828,Bg1sBc2Hq8w,templeSF,<class 'KeyError'>
829,BebbxO5nDIa,templeSF,<class 'KeyError'>
830,PVDjW-Aaft,wetrepublic,<class 'KeyError'>
831,BfbsyWxnGHP,templeSF,<class 'KeyError'>
832,BMx0H70DnE4,templeSF,<class 'KeyError'>
833,BL_rjLuBnoj,cavesduroyST,<class 'KeyError'>
834,czyiqpgaVW,wetrepublic,<class 'KeyError'>
835,BJm6QodgzEq,rudas,<class 'KeyError'>
836,snunvrgafd,wetrepublic,<class 'KeyError'>
837,BSjUK0BDyAY,wetrepublic,<class 'KeyError'>
838,phF2fXgaY5,wetrepublic,<class 'KeyError'>
839,LMMGYkAaW0,wetrepublic,<class 'KeyError'>
840,mbQ7chAaXZ,wetrepublic,<class 'KeyError'>
841,BE1dkAvK0G4,templeSF,<class 'KeyError'>
842,BGk4arwq0FL,templeSF,<class 'KeyError'>
843,oPNClhAaVs,wetrepublic,<class 'KeyError'>
844,BRPdP6PDZhO,templeSF,<class 'KeyError'>
845,tbBO7dgaVe,wetrepublic,<class 'KeyError'>
846,5Nd61Hq0IH,templeSF,<class 'KeyError'>
847,0QYiV6AadM,wetrepublic,<class 'KeyError'>
848,BDBkTNJAac5,wetrepublic,<class 'KeyError'>
849,BHNSO5CAbfS,rudas,<class 'KeyError'>
850,BZwM1NVhwkg,grandSF,<class 'KeyError'>
851,BWOB2KnjJGW,wetrepublic,<class 'KeyError'>
852,BZrFDvhj0mh,wetrepublic,<class 'KeyError'>
853,BYJ0pKLA-q1,oxfordsc_sd,<class 'KeyError'>
854,U1xOSWgaS6,wetrepublic,<class 'KeyError'>
855,Be4mNQDHVIo,templeSF,<class 'KeyError'>
856,X-ObH9gae9,wetrepublic,<class 'KeyError'>
857,BTww5CXlX3J,prsymCH,<class 'KeyError'>
858,BWlWNG9gRJF,grandSF,<class 'KeyError'>
859,BBVi_-3q0Cd,templeSF,<class 'KeyError'>
860,BDByiCdndN3,rudas,<class 'KeyError'>
861,BEXVWo4q0BB,templeSF,<class 'KeyError'>
862,BPIwSIyhgkM,cavesduroyST,<class 'KeyError'>
863,-Sl3iUK0Il,templeSF,<class 'KeyError'>
864,BVC1jW3Fwsf,prsymCH,<class 'KeyError'>
865,BXOihtgnv_C,cavesduroyST,<class 'KeyError'>
866,BcQHTVLHwSZ,templeSF,<class 'KeyError'>
867,7oBzPrgabW,wetrepublic,<class 'KeyError'>
868,6yRW9BgaRW,wetrepublic,<class 'KeyError'>
869,BHxdBaBjMKF,prsymCH,<class 'IndexError'>
870,rDC7G3gaSE,wetrepublic,<class 'KeyError'>
871,BQ06cxBAzHl,oxfordsc_sd,<class 'KeyError'>
872,-uNGcbq0Kn,templeSF,<class 'KeyError'>
873,BF87hrVBNIp,cavesduroyST,<class 'KeyError'>
874,wZqpIcK0B4,templeSF,<class 'KeyError'>
875,ticvLSgaTv,wetrepublic,<class 'KeyError'>
876,bmjejYgaf4,wetrepublic,<class 'KeyError'>
877,BGR1LyiHdB6,rudas,<class 'KeyError'>
878,BTklcuPF8Hr,prsymCH,<class 'KeyError'>
879,BIAsFpbh2hI,wetrepublic,<class 'KeyError'>
880,BB5mLQEq0G6,templeSF,<class 'KeyError'>
881,6A-P_CAabL,wetrepublic,<class 'KeyError'>
882,BD1zMQlK0M7,templeSF,<class 'KeyError'>
883,7cA0uIgaRm,wetrepublic,<class 'KeyError'>
884,BEsGNz5ndGI,rudas,<class 'KeyError'>
885,65lWQzK0Hu,templeSF,<class 'KeyError'>
886,6IUmZoAad-,wetrepublic,<class 'KeyError'>
887,BbnD5LOhgYn,grandSF,<class 'KeyError'>
888,BU9zfehj7z5,wetrepublic,<class 'KeyError'>
889,8RUy9oGbe5,grandSF,<class 'KeyError'>
890,BaX6LP7H6Nf,templeSF,<class 'KeyError'>
891,BFb7YecgaZ_,wetrepublic,<class 'requests.exceptions.SSLError'>
892,BE3PuKYndEc,rudas,<class 'KeyError'>
893,BKuJ8fAjbiX,templeSF,<class 'KeyError'>
894,BGSpsJ6ndB6,rudas,<class 'KeyError'>
895,BPGaoAijM14,prsymCH,<class 'KeyError'>
896,BKghszMA9mI,templeSF,<class 'KeyError'>
897,62xMVygaYc,wetrepublic,<class 'KeyError'>
898,BIxL2mtA61f,rudas,<class 'KeyError'>
899,BTrkxSkgaWe,grandSF,<class 'KeyError'>
900,YGpgvxgaUE,wetrepublic,<class 'KeyError'>
901,Bg_pfDYnS50,cavesduroyST,<class 'KeyError'>
902,BG-gjH_mbT7,grandSF,<class 'KeyError'>
903,5MRLA-AafG,wetrepublic,<class 'KeyError'>
904,BXYqSK2Aqwr,templeSF,<class 'KeyError'>
905,BXivBmIFvMD,templeSF,<class 'KeyError'>
906,1RG4z1gaT8,wetrepublic,<class 'KeyError'>
907,BUryOGqD1Ns,wetrepublic,<class 'KeyError'>
908,BC61DFiK0BR,templeSF,<class 'KeyError'>
909,18i8vxgaTA,wetrepublic,<class 'KeyError'>
910,BineYyeltLU,prsymCH,<class 'KeyError'>
911,BFt7Q31ndGo,rudas,<class 'KeyError'>
912,sAyi1agaZ9,wetrepublic,<class 'KeyError'>
913,BhhsEY8FkbH,prsymCH,<class 'KeyError'>
914,Be1KvhQnxWu,cavesduroyST,<class 'KeyError'>
915,6xsLvPq0Im,templeSF,<class 'KeyError'>
916,BcDk6eMl1Jv,prsymCH,<class 'KeyError'>
917,BR8_KX9lvm6,prsymCH,<class 'KeyError'>
918,BDuI7buq0Jg,templeSF,<class 'KeyError'>
919,mtQArlgaSF,wetrepublic,<class 'KeyError'>
920,nypfVdgaQl,wetrepublic,<class 'KeyError'>
921,lqNAJuAaZk,wetrepublic,<class 'KeyError'>
922,BSZZiWjgCkL,templeSF,<class 'KeyError'>
923,dNhNMjgacT,wetrepublic,<class 'KeyError'>
924,BRTmaPrDrLi,wetrepublic,<class 'KeyError'>
925,BEwuXmgGbZ-,grandSF,<class 'KeyError'>
926,v_8bypq0Mt,templeSF,<class 'KeyError'>
927,BgHdThtnQ5y,grandBoston,<class 'KeyError'>
928,JQEuKngaYt,wetrepublic,<class 'KeyError'>
929,BSl_A-oFme8,prsymCH,<class 'KeyError'>
930,BSEtSKsgLnb,templeSF,<class 'KeyError'>
931,BADcubqq0Ny,templeSF,<class 'KeyError'>
932,BHaaKCVhrvH,cavesduroyST,<class 'KeyError'>
933,BQBU_M4Bcfe,cavesduroyST,<class 'KeyError'>
934,Bd7CTC0l2ny,prsymCH,<class 'json.decoder.JSONDecodeError'>
935,p2HGnlAabF,wetrepublic,<class 'KeyError'>
936,BSMQgk5ghyS,grandSF,<class 'KeyError'>
937,l0jqBQAaTU,wetrepublic,<class 'KeyError'>
938,BdeJP6-HCnx,templeSF,<class 'KeyError'>
939,BV2WbZZlA3A,prsymCH,<class 'KeyError'>
940,Bea9hNLFwmn,prsymCH,<class 'KeyError'>
941,eXwSbYgaZz,wetrepublic,<class 'KeyError'>
942,BBjNHzfK0Ie,templeSF,<class 'KeyError'>
943,BVF2g-Rgjy8,oxfordsc_sd,<class 'KeyError'>
944,zLSXOOAaWT,wetrepublic,<class 'KeyError'>
945,vy4uPDK0Me,templeSF,<class 'KeyError'>
946,2eU1fwK0K1,templeSF,<class 'KeyError'>
947,ne3Jm6gaSW,wetrepublic,<class 'KeyError'>
948,BIavPnoj_xH,prsymCH,<class 'KeyError'>
949,BRweV2gjzPx,wetrepublic,<class 'KeyError'>
950,oHJf0kAaVi,wetrepublic,<class 'KeyError'>
951,8_Sr3nq0G5,templeSF,<class 'KeyError'>
952,tqeANhgaaj,wetrepublic,<class 'KeyError'>
953,BHLo3cRAtnt,templeSF,<class 'KeyError'>
954,3411lFgad9,wetrepublic,<class 'KeyError'>
955,Yqotaygac0,wetrepublic,<class 'KeyError'>
956,YfurZfAacy,wetrepublic,<class 'KeyError'>
957,BInNBO9gU8i,rudas,<class 'KeyError'>
958,BFccs5Rq0HG,templeSF,<class 'KeyError'>
959,BPPCQmgDien,prsymCH,<class 'KeyError'>
960,BgWUMZpHonD,grandBoston,<class 'KeyError'>
961,3gBLLMgaYd,wetrepublic,<class 'KeyError'>
962,BCmQcUDK0OY,templeSF,<class 'KeyError'>
963,1U_6oMq0DO,templeSF,<class 'KeyError'>
964,BGpjnC-gac9,wetrepublic,<class 'KeyError'>
965,BKq4p0_A2Re,rudas,<class 'KeyError'>
966,cuRoTKAaXA,wetrepublic,<class 'KeyError'>
967,BdMXux4nzVs,templeSF,<class 'KeyError'>
968,BHAxDTSAaf_,wetrepublic,<class 'KeyError'>
969,BUfazk3BbeY,cavesduroyST,<class 'KeyError'>
970,BWOQ60oFhb4,prsymCH,<class 'KeyError'>
971,BFQ-0ObHdMb,rudas,<class 'KeyError'>
972,BJWF1VdBXX3,cavesduroyST,<class 'KeyError'>
973,BZcmikvn9E4,templeSF,<class 'KeyError'>
974,BS3yeb_llab,prsymCH,<class 'KeyError'>
975,ZeKrdbgabY,wetrepublic,<class 'KeyError'>
976,4Z7OYEgaSL,wetrepublic,<class 'KeyError'>
977,35CYp3K0EX,templeSF,<class 'KeyError'>
978,08eENmAaY8,wetrepublic,<class 'KeyError'>
979,471dmsAaRU,wetrepublic,<class 'KeyError'>
980,sF8I1JAaSW,wetrepublic,<class 'KeyError'>
981,BaRvx49H4Ay,templeSF,<class 'KeyError'>
982,BGzuBS1BNG6,cavesduroyST,<class 'KeyError'>
983,VbE6b4mbVr,grandSF,<class 'KeyError'>
984,BQRv7T0D10y,templeSF,<class 'KeyError'>
985,BUU6GJ5AGiT,grandSF,<class 'KeyError'>
986,BPDsuvZjNLs,templeSF,<class 'KeyError'>
987,BItuwE-AEZT,templeSF,<class 'KeyError'>
988,0YVd7pAaQB,wetrepublic,<class 'KeyError'>
989,8CAe7LgaX_,wetrepublic,<class 'KeyError'>
990,a3wTKMmbTd,grandSF,<class 'KeyError'>
991,BN2j7Jtj0LR,templeSF,<class 'KeyError'>
992,BDa3eCyndFg,rudas,<class 'KeyError'>
993,BMIKI4EgtfS,grandSF,<class 'KeyError'>
994,LtcAUBgaXa,wetrepublic,<class 'KeyError'>
995,BDRWy6Lq0EL,templeSF,<class 'KeyError'>
996,zirrg0gabM,wetrepublic,<class 'KeyError'>
997,BW3olYUlulg,prsymCH,<class 'KeyError'>
998,Belj0PEHbMw,templeSF,<class 'KeyError'>
999,J0BqJ3AaWb,wetrepublic,<class 'KeyError'>
1000,ajI-W2gabv,wetrepublic,<class 'KeyError'>
1001,jH_hGkAac2,wetrepublic,<class 'KeyError'>
1002,BD2kD3AHdBY,rudas,<class 'KeyError'>
1003,eu9GVggaV3,wetrepublic,<class 'KeyError'>
1004,BVNkaublMg2,prsymCH,<class 'KeyError'>
1005,7gA0bpgaeq,wetrepublic,<class 'KeyError'>
1006,1TqZKWAaZm,wetrepublic,<class 'KeyError'>
1007,BFPRq_8K0Do,templeSF,<class 'KeyError'>
1008,BGmysVlndPu,rudas,<class 'KeyError'>
1009,BDsfbisndIX,rudas,<class 'KeyError'>
1010,K21GDbAaRl,wetrepublic,<class 'KeyError'>
1011,o4QiqcAadq,wetrepublic,<class 'requests.exceptions.ConnectionError'>
1012,BI3E5FUhKBI,cavesduroyST,<class 'KeyError'>
1013,BXJa45NFeUu,prsymCH,<class 'KeyError'>
1014,BWBsAnxlpaG,templeSF,<class 'KeyError'>
1015,_p91-0GbV7,grandSF,<class 'KeyError'>
1016,BcP6kllFay3,grandBoston,<class 'KeyError'>
1017,BEhnbUOK0Be,templeSF,<class 'KeyError'>
1018,BdA3F8rDXdt,oxfordsc_sd,<class 'KeyError'>
1019,dxL2OygaRG,wetrepublic,<class 'KeyError'>
1020,a4Yvr6AaZw,wetrepublic,<class 'KeyError'>
1021,BhRutsZDZ2I,wetrepublic,<class 'KeyError'>
1022,96fpkTAaWN,wetrepublic,<class 'KeyError'>
1023,BW5aHgKjdgL,wetrepublic,<class 'KeyError'>
1024,Zd9U_cgaU0,wetrepublic,<class 'KeyError'>
1025,BV0IB9dFcmQ,templeSF,<class 'KeyError'>
1026,BMaegesjuWw,templeSF,<class 'KeyError'>
1027,mOHokSgadt,wetrepublic,<class 'KeyError'>
1028,1vvk4ZAaYQ,wetrepublic,<class 'KeyError'>
1029,BLcTQijDhx8,templeSF,<class 'KeyError'>
1030,Bdm-dHoBJzC,rudas,<class 'json.decoder.JSONDecodeError'>
1031,BLG8frlBuIK,wetrepublic,<class 'KeyError'>
1032,BSyp8T6lhht,prsymCH,<class 'KeyError'>
1033,BRyn8T_A5si,templeSF,<class 'KeyError'>
1034,tLMdobAaRz,wetrepublic,<class 'KeyError'>
1035,BfTtC8wlU3U,grandBoston,<class 'KeyError'>
1036,r0OMWPgaW8,wetrepublic,<class 'KeyError'>
1037,7JT7qIK0Ae,templeSF,<class 'KeyError'>
1038,BIGKw8kDGTx,prsymCH,<class 'KeyError'>
1039,0ynbeDgacF,wetrepublic,<class 'KeyError'>
1040,b99U0OgaeT,wetrepublic,<class 'KeyError'>
1041,BK6teNtDR67,prsymCH,<class 'KeyError'>
1042,BfjK3QbnqVY,templeSF,<class 'KeyError'>
1043,BF6vXQKq0C0,templeSF,<class 'KeyError'>
1044,BcabnUEBPkf,grandSF,<class 'KeyError'>
1045,n54zyxAadp,wetrepublic,<class 'KeyError'>
1046,BF1IxM5ndPJ,rudas,<class 'KeyError'>
1047,BKTQT8qjLOu,prsymCH,<class 'KeyError'>
1048,BaFnJ8-B6N0,grandSF,<class 'KeyError'>
1049,qNKORtgaQF,wetrepublic,<class 'KeyError'>
1050,BQo2Abng9QF,templeSF,<class 'KeyError'>
1051,Bd500chni1d,templeSF,<class 'KeyError'>
1052,ccdLbKgaQH,wetrepublic,<class 'KeyError'>
1053,sfbHIjgaUp,wetrepublic,<class 'KeyError'>
1054,BVYLPm4g2mX,oxfordsc_sd,<class 'KeyError'>
1055,BbXxNV3ntC5,templeSF,<class 'KeyError'>
1056,qzRlUWgaSH,wetrepublic,<class 'KeyError'>
1057,BUCtCVBAOj9,grandSF,<class 'KeyError'>
1058,9WpmsoK0Eb,templeSF,<class 'KeyError'>
1059,4SSXoJAaUN,wetrepublic,<class 'KeyError'>
1060,BJqPhVKh8bI,wetrepublic,<class 'KeyError'>
1061,BJmys7cABch,rudas,<class 'KeyError'>
1062,BU6I9CeFEQn,prsymCH,<class 'KeyError'>
1063,BcsSQE9l_YB,prsymCH,<class 'KeyError'>
1064,BNr1kXRBpnJ,wetrepublic,<class 'KeyError'>
1065,BR40NG4gcUt,oxfordsc_sd,<class 'KeyError'>
1066,BR7HBJVADYI,templeSF,<class 'KeyError'>
1067,BiXJ8VFBeOc,grandBoston,<class 'json.decoder.JSONDecodeError'>
1117,BineYyeltLU,prsymCH,<class 'json.decoder.JSONDecodeError'>
